<?xml version="1.0" encoding="UTF-8"?>

<Questionnaire xmlns="http://hl7.org/fhir">
  <id value="PROMsQuestionnaire"/>
  <text>
    <status value="generated"/><div xmlns="http://www.w3.org/1999/xhtml"><table border="1" cellpadding="0" cellspacing="0" style="border: 1px #F0F0F0 solid; font-size: 11px; font-family: verdana; vertical-align: top;"><tr style="border: 2px #F0F0F0 solid; font-size: 11px; font-family: verdana; vertical-align: top"><th style="vertical-align: top; text-align : left; background-color: white; border: 1px #F0F0F0 solid; padding:0px 4px 0px 4px" class="hierarchy"><a href="http://hl7.org/fhir/R4/formats.html#table" title="The linkId for the item">LinkId</a></th><th style="vertical-align: top; text-align : left; background-color: white; border: 1px #F0F0F0 solid; padding:0px 4px 0px 4px" class="hierarchy"><a href="http://hl7.org/fhir/R4/formats.html#table" title="Text for the item">Text</a></th><th style="vertical-align: top; text-align : left; background-color: white; border: 1px #F0F0F0 solid; padding:0px 4px 0px 4px" class="hierarchy"><a href="http://hl7.org/fhir/R4/formats.html#table" title="Minimum and Maximum # of times the the itemcan appear in the instance">Cardinality</a></th><th style="vertical-align: top; text-align : left; background-color: white; border: 1px #F0F0F0 solid; padding:0px 4px 0px 4px" class="hierarchy"><a href="http://hl7.org/fhir/R4/formats.html#table" title="The type of the item">Type</a></th><th style="vertical-align: top; text-align : left; background-color: white; border: 1px #F0F0F0 solid; padding:0px 4px 0px 4px" class="hierarchy"><a href="http://hl7.org/fhir/R4/formats.html#table" title="Additional information about the item">Description &amp; Constraints</a><span style="float: right"><a href="http://hl7.org/fhir/R4/formats.html#table" title="Legend for this format"><img src="http://hl7.org/fhir/R4/help16.png" alt="doco" style="background-color: inherit"/></a></span></th></tr><tr style="border: 1px #F0F0F0 solid; padding:0px; vertical-align: top; background-color: white"><td style="vertical-align: top; text-align : left; background-color: white; border: 1px #F0F0F0 solid; padding:0px 4px 0px 4px; white-space: nowrap; background-image: url(tbl_bck1.png)" class="hierarchy"><img src="tbl_spacer.png" alt="." style="background-color: inherit" class="hierarchy"/><img src="icon_q_root.gif" alt="." style="background-color: white; background-color: inherit" title="QuestionnaireRoot" class="hierarchy"/> PROMsQuestionnaire</td><td style="vertical-align: top; text-align : left; background-color: white; border: 1px #F0F0F0 solid; padding:0px 4px 0px 4px" class="hierarchy"></td><td style="vertical-align: top; text-align : left; background-color: white; border: 1px #F0F0F0 solid; padding:0px 4px 0px 4px" class="hierarchy"></td><td style="vertical-align: top; text-align : left; background-color: white; border: 1px #F0F0F0 solid; padding:0px 4px 0px 4px" class="hierarchy">Questionnaire</td><td style="vertical-align: top; text-align : left; background-color: white; border: 1px #F0F0F0 solid; padding:0px 4px 0px 4px" class="hierarchy"/></tr>
<tr style="border: 1px #F0F0F0 solid; padding:0px; vertical-align: top; background-color: #F7F7F7"><td style="vertical-align: top; text-align : left; background-color: #F7F7F7; border: 1px #F0F0F0 solid; padding:0px 4px 0px 4px; white-space: nowrap; background-image: url(tbl_bck10.png)" class="hierarchy"><img src="tbl_spacer.png" alt="." style="background-color: inherit" class="hierarchy"/><img src="tbl_vjoin.png" alt="." style="background-color: inherit" class="hierarchy"/><img src="icon-q-coding.png" alt="." style="background-color: #F7F7F7; background-color: inherit" title="Coding" class="hierarchy"/> question1</td><td style="vertical-align: top; text-align : left; background-color: #F7F7F7; border: 1px #F0F0F0 solid; padding:0px 4px 0px 4px" class="hierarchy">null</td><td style="vertical-align: top; text-align : left; background-color: #F7F7F7; border: 1px #F0F0F0 solid; padding:0px 4px 0px 4px" class="hierarchy">0..1</td><td style="vertical-align: top; text-align : left; background-color: #F7F7F7; border: 1px #F0F0F0 solid; padding:0px 4px 0px 4px" class="hierarchy"><a href="http://hl7.org/fhir/R4/codesystem-item-type.html#item-type-choice">choice</a></td><td style="vertical-align: top; text-align : left; background-color: #F7F7F7; border: 1px #F0F0F0 solid; padding:0px 4px 0px 4px" class="hierarchy">Value Set: <a href="ValueSet-geccoplus-proms-responses.html">Proms in the context of GECCOplus</a></td></tr>
<tr style="border: 1px #F0F0F0 solid; padding:0px; vertical-align: top; background-color: white"><td style="vertical-align: top; text-align : left; background-color: white; border: 1px #F0F0F0 solid; padding:0px 4px 0px 4px; white-space: nowrap; background-image: url(tbl_bck10.png)" class="hierarchy"><img src="tbl_spacer.png" alt="." style="background-color: inherit" class="hierarchy"/><img src="tbl_vjoin.png" alt="." style="background-color: inherit" class="hierarchy"/><img src="icon-q-coding.png" alt="." style="background-color: white; background-color: inherit" title="Coding" class="hierarchy"/> question2</td><td style="vertical-align: top; text-align : left; background-color: white; border: 1px #F0F0F0 solid; padding:0px 4px 0px 4px" class="hierarchy">null</td><td style="vertical-align: top; text-align : left; background-color: white; border: 1px #F0F0F0 solid; padding:0px 4px 0px 4px" class="hierarchy">0..1</td><td style="vertical-align: top; text-align : left; background-color: white; border: 1px #F0F0F0 solid; padding:0px 4px 0px 4px" class="hierarchy"><a href="http://hl7.org/fhir/R4/codesystem-item-type.html#item-type-choice">choice</a></td><td style="vertical-align: top; text-align : left; background-color: white; border: 1px #F0F0F0 solid; padding:0px 4px 0px 4px" class="hierarchy">Value Set: <a href="ValueSet-geccoplus-proms-responses.html">Proms in the context of GECCOplus</a></td></tr>
<tr style="border: 1px #F0F0F0 solid; padding:0px; vertical-align: top; background-color: #F7F7F7"><td style="vertical-align: top; text-align : left; background-color: #F7F7F7; border: 1px #F0F0F0 solid; padding:0px 4px 0px 4px; white-space: nowrap; background-image: url(tbl_bck10.png)" class="hierarchy"><img src="tbl_spacer.png" alt="." style="background-color: inherit" class="hierarchy"/><img src="tbl_vjoin.png" alt="." style="background-color: inherit" class="hierarchy"/><img src="icon-q-coding.png" alt="." style="background-color: #F7F7F7; background-color: inherit" title="Coding" class="hierarchy"/> question3</td><td style="vertical-align: top; text-align : left; background-color: #F7F7F7; border: 1px #F0F0F0 solid; padding:0px 4px 0px 4px" class="hierarchy">null</td><td style="vertical-align: top; text-align : left; background-color: #F7F7F7; border: 1px #F0F0F0 solid; padding:0px 4px 0px 4px" class="hierarchy">0..1</td><td style="vertical-align: top; text-align : left; background-color: #F7F7F7; border: 1px #F0F0F0 solid; padding:0px 4px 0px 4px" class="hierarchy"><a href="http://hl7.org/fhir/R4/codesystem-item-type.html#item-type-choice">choice</a></td><td style="vertical-align: top; text-align : left; background-color: #F7F7F7; border: 1px #F0F0F0 solid; padding:0px 4px 0px 4px" class="hierarchy">Value Set: <a href="ValueSet-geccoplus-proms-responses.html">Proms in the context of GECCOplus</a></td></tr>
<tr style="border: 1px #F0F0F0 solid; padding:0px; vertical-align: top; background-color: white"><td style="vertical-align: top; text-align : left; background-color: white; border: 1px #F0F0F0 solid; padding:0px 4px 0px 4px; white-space: nowrap; background-image: url(tbl_bck10.png)" class="hierarchy"><img src="tbl_spacer.png" alt="." style="background-color: inherit" class="hierarchy"/><img src="tbl_vjoin.png" alt="." style="background-color: inherit" class="hierarchy"/><img src="icon-q-coding.png" alt="." style="background-color: white; background-color: inherit" title="Coding" class="hierarchy"/> question4</td><td style="vertical-align: top; text-align : left; background-color: white; border: 1px #F0F0F0 solid; padding:0px 4px 0px 4px" class="hierarchy">null</td><td style="vertical-align: top; text-align : left; background-color: white; border: 1px #F0F0F0 solid; padding:0px 4px 0px 4px" class="hierarchy">0..1</td><td style="vertical-align: top; text-align : left; background-color: white; border: 1px #F0F0F0 solid; padding:0px 4px 0px 4px" class="hierarchy"><a href="http://hl7.org/fhir/R4/codesystem-item-type.html#item-type-choice">choice</a></td><td style="vertical-align: top; text-align : left; background-color: white; border: 1px #F0F0F0 solid; padding:0px 4px 0px 4px" class="hierarchy">Value Set: <a href="ValueSet-geccoplus-proms-responses.html">Proms in the context of GECCOplus</a></td></tr>
<tr style="border: 1px #F0F0F0 solid; padding:0px; vertical-align: top; background-color: #F7F7F7"><td style="vertical-align: top; text-align : left; background-color: #F7F7F7; border: 1px #F0F0F0 solid; padding:0px 4px 0px 4px; white-space: nowrap; background-image: url(tbl_bck10.png)" class="hierarchy"><img src="tbl_spacer.png" alt="." style="background-color: inherit" class="hierarchy"/><img src="tbl_vjoin.png" alt="." style="background-color: inherit" class="hierarchy"/><img src="icon-q-coding.png" alt="." style="background-color: #F7F7F7; background-color: inherit" title="Coding" class="hierarchy"/> question5</td><td style="vertical-align: top; text-align : left; background-color: #F7F7F7; border: 1px #F0F0F0 solid; padding:0px 4px 0px 4px" class="hierarchy">null</td><td style="vertical-align: top; text-align : left; background-color: #F7F7F7; border: 1px #F0F0F0 solid; padding:0px 4px 0px 4px" class="hierarchy">0..1</td><td style="vertical-align: top; text-align : left; background-color: #F7F7F7; border: 1px #F0F0F0 solid; padding:0px 4px 0px 4px" class="hierarchy"><a href="http://hl7.org/fhir/R4/codesystem-item-type.html#item-type-choice">choice</a></td><td style="vertical-align: top; text-align : left; background-color: #F7F7F7; border: 1px #F0F0F0 solid; padding:0px 4px 0px 4px" class="hierarchy">Value Set: <a href="ValueSet-geccoplus-proms-responses.html">Proms in the context of GECCOplus</a></td></tr>
<tr style="border: 1px #F0F0F0 solid; padding:0px; vertical-align: top; background-color: white"><td style="vertical-align: top; text-align : left; background-color: white; border: 1px #F0F0F0 solid; padding:0px 4px 0px 4px; white-space: nowrap; background-image: url(tbl_bck10.png)" class="hierarchy"><img src="tbl_spacer.png" alt="." style="background-color: inherit" class="hierarchy"/><img src="tbl_vjoin.png" alt="." style="background-color: inherit" class="hierarchy"/><img src="icon-q-coding.png" alt="." style="background-color: white; background-color: inherit" title="Coding" class="hierarchy"/> question6</td><td style="vertical-align: top; text-align : left; background-color: white; border: 1px #F0F0F0 solid; padding:0px 4px 0px 4px" class="hierarchy">null</td><td style="vertical-align: top; text-align : left; background-color: white; border: 1px #F0F0F0 solid; padding:0px 4px 0px 4px" class="hierarchy">0..1</td><td style="vertical-align: top; text-align : left; background-color: white; border: 1px #F0F0F0 solid; padding:0px 4px 0px 4px" class="hierarchy"><a href="http://hl7.org/fhir/R4/codesystem-item-type.html#item-type-choice">choice</a></td><td style="vertical-align: top; text-align : left; background-color: white; border: 1px #F0F0F0 solid; padding:0px 4px 0px 4px" class="hierarchy">Value Set: <a href="ValueSet-geccoplus-proms-responses.html">Proms in the context of GECCOplus</a></td></tr>
<tr style="border: 1px #F0F0F0 solid; padding:0px; vertical-align: top; background-color: #F7F7F7"><td style="vertical-align: top; text-align : left; background-color: #F7F7F7; border: 1px #F0F0F0 solid; padding:0px 4px 0px 4px; white-space: nowrap; background-image: url(tbl_bck10.png)" class="hierarchy"><img src="tbl_spacer.png" alt="." style="background-color: inherit" class="hierarchy"/><img src="tbl_vjoin.png" alt="." style="background-color: inherit" class="hierarchy"/><img src="icon-q-coding.png" alt="." style="background-color: #F7F7F7; background-color: inherit" title="Coding" class="hierarchy"/> question7</td><td style="vertical-align: top; text-align : left; background-color: #F7F7F7; border: 1px #F0F0F0 solid; padding:0px 4px 0px 4px" class="hierarchy">null</td><td style="vertical-align: top; text-align : left; background-color: #F7F7F7; border: 1px #F0F0F0 solid; padding:0px 4px 0px 4px" class="hierarchy">0..1</td><td style="vertical-align: top; text-align : left; background-color: #F7F7F7; border: 1px #F0F0F0 solid; padding:0px 4px 0px 4px" class="hierarchy"><a href="http://hl7.org/fhir/R4/codesystem-item-type.html#item-type-choice">choice</a></td><td style="vertical-align: top; text-align : left; background-color: #F7F7F7; border: 1px #F0F0F0 solid; padding:0px 4px 0px 4px" class="hierarchy">Value Set: <a href="ValueSet-geccoplus-proms-responses.html">Proms in the context of GECCOplus</a></td></tr>
<tr style="border: 1px #F0F0F0 solid; padding:0px; vertical-align: top; background-color: white"><td style="vertical-align: top; text-align : left; background-color: white; border: 1px #F0F0F0 solid; padding:0px 4px 0px 4px; white-space: nowrap; background-image: url(tbl_bck10.png)" class="hierarchy"><img src="tbl_spacer.png" alt="." style="background-color: inherit" class="hierarchy"/><img src="tbl_vjoin.png" alt="." style="background-color: inherit" class="hierarchy"/><img src="icon-q-coding.png" alt="." style="background-color: white; background-color: inherit" title="Coding" class="hierarchy"/> question8</td><td style="vertical-align: top; text-align : left; background-color: white; border: 1px #F0F0F0 solid; padding:0px 4px 0px 4px" class="hierarchy">null</td><td style="vertical-align: top; text-align : left; background-color: white; border: 1px #F0F0F0 solid; padding:0px 4px 0px 4px" class="hierarchy">0..1</td><td style="vertical-align: top; text-align : left; background-color: white; border: 1px #F0F0F0 solid; padding:0px 4px 0px 4px" class="hierarchy"><a href="http://hl7.org/fhir/R4/codesystem-item-type.html#item-type-choice">choice</a></td><td style="vertical-align: top; text-align : left; background-color: white; border: 1px #F0F0F0 solid; padding:0px 4px 0px 4px" class="hierarchy">Value Set: <a href="ValueSet-geccoplus-proms-responses.html">Proms in the context of GECCOplus</a></td></tr>
<tr style="border: 1px #F0F0F0 solid; padding:0px; vertical-align: top; background-color: #F7F7F7"><td style="vertical-align: top; text-align : left; background-color: #F7F7F7; border: 1px #F0F0F0 solid; padding:0px 4px 0px 4px; white-space: nowrap; background-image: url(tbl_bck10.png)" class="hierarchy"><img src="tbl_spacer.png" alt="." style="background-color: inherit" class="hierarchy"/><img src="tbl_vjoin.png" alt="." style="background-color: inherit" class="hierarchy"/><img src="icon-q-coding.png" alt="." style="background-color: #F7F7F7; background-color: inherit" title="Coding" class="hierarchy"/> question9</td><td style="vertical-align: top; text-align : left; background-color: #F7F7F7; border: 1px #F0F0F0 solid; padding:0px 4px 0px 4px" class="hierarchy">null</td><td style="vertical-align: top; text-align : left; background-color: #F7F7F7; border: 1px #F0F0F0 solid; padding:0px 4px 0px 4px" class="hierarchy">0..1</td><td style="vertical-align: top; text-align : left; background-color: #F7F7F7; border: 1px #F0F0F0 solid; padding:0px 4px 0px 4px" class="hierarchy"><a href="http://hl7.org/fhir/R4/codesystem-item-type.html#item-type-choice">choice</a></td><td style="vertical-align: top; text-align : left; background-color: #F7F7F7; border: 1px #F0F0F0 solid; padding:0px 4px 0px 4px" class="hierarchy">Value Set: <a href="ValueSet-geccoplus-proms-responses.html">Proms in the context of GECCOplus</a></td></tr>
<tr style="border: 1px #F0F0F0 solid; padding:0px; vertical-align: top; background-color: white"><td style="vertical-align: top; text-align : left; background-color: white; border: 1px #F0F0F0 solid; padding:0px 4px 0px 4px; white-space: nowrap; background-image: url(tbl_bck00.png)" class="hierarchy"><img src="tbl_spacer.png" alt="." style="background-color: inherit" class="hierarchy"/><img src="tbl_vjoin_end.png" alt="." style="background-color: inherit" class="hierarchy"/><img src="icon-q-coding.png" alt="." style="background-color: white; background-color: inherit" title="Coding" class="hierarchy"/> question10</td><td style="vertical-align: top; text-align : left; background-color: white; border: 1px #F0F0F0 solid; padding:0px 4px 0px 4px" class="hierarchy">null</td><td style="vertical-align: top; text-align : left; background-color: white; border: 1px #F0F0F0 solid; padding:0px 4px 0px 4px" class="hierarchy">0..1</td><td style="vertical-align: top; text-align : left; background-color: white; border: 1px #F0F0F0 solid; padding:0px 4px 0px 4px" class="hierarchy"><a href="http://hl7.org/fhir/R4/codesystem-item-type.html#item-type-choice">choice</a></td><td style="vertical-align: top; text-align : left; background-color: white; border: 1px #F0F0F0 solid; padding:0px 4px 0px 4px" class="hierarchy">Value Set: <a href="ValueSet-geccoplus-proms-responses.html">Proms in the context of GECCOplus</a></td></tr>
<tr><td colspan="5" class="hierarchy"><br/><a href="http://hl7.org/fhir/R4/formats.html#table" title="Legend for this format"><img src="http://hl7.org/fhir/R4/help16.png" alt="doco" style="background-color: inherit"/> Documentation for this format</a></td></tr></table></div>
  </text>
  <url value="https://www.napkon.de/fhir/proms-questionnaire"/>
  <version value="0.1.0"/>
  <name value="PROMsQuestionnaire"/>
  <status value="active"/>
  <date value="2021-11-29"/>
  <publisher value="Charité - Universitätsmedizin Berlin"/>
  <contact>
    <name value="Charité - Universitätsmedizin Berlin"/>
    <telecom>
      <system value="url"/>
      <value value="https://www.netzwerk-universitaetsmedizin.de"/>
    </telecom>
  </contact>
  <item>
    <linkId value="question1"/>
    <code>
      <system value="https://www.napkon.de/fhir/CodeSystem/geccoplus-codesystem"/>
      <code value="s6"/>
      <display value="Lift something that weighs 4.5kg - 9.0kg (e.g. a large bag of food)."/>
    </code>
    <type value="choice"/>
    <answerValueSet value="https://www.napkon.de/fhir/ValueSet/geccoplus-proms-responses"/>
  </item>
  <item>
    <linkId value="question2"/>
    <code>
      <system value="https://www.napkon.de/fhir/CodeSystem/geccoplus-codesystem"/>
      <code value="s7"/>
      <display value="Carrying something that weighs 4.5kg - 9.0 kg (e.g. a large bag of food) from one room to another room."/>
    </code>
    <type value="choice"/>
    <answerValueSet value="https://www.napkon.de/fhir/ValueSet/geccoplus-proms-responses"/>
  </item>
  <item>
    <linkId value="question3"/>
    <code>
      <system value="https://www.napkon.de/fhir/CodeSystem/geccoplus-codesystem"/>
      <code value="s8"/>
      <display value="Walk approximately 1 km (faster than your normal pace) without stopping."/>
    </code>
    <type value="choice"/>
    <answerValueSet value="https://www.napkon.de/fhir/ValueSet/geccoplus-proms-responses"/>
  </item>
  <item>
    <linkId value="question4"/>
    <code>
      <system value="https://www.napkon.de/fhir/CodeSystem/geccoplus-codesystem"/>
      <code value="s9"/>
      <display value="Walk 50 steps on level ground at a normal pace without stopping."/>
    </code>
    <type value="choice"/>
    <answerValueSet value="https://www.napkon.de/fhir/ValueSet/geccoplus-proms-responses"/>
  </item>
  <item>
    <linkId value="question5"/>
    <code>
      <system value="https://www.napkon.de/fhir/CodeSystem/geccoplus-codesystem"/>
      <code value="s10"/>
      <display value="Walk up 20 steps or two flights of stairs without stopping."/>
    </code>
    <type value="choice"/>
    <answerValueSet value="https://www.napkon.de/fhir/ValueSet/geccoplus-proms-responses"/>
  </item>
  <item>
    <linkId value="question6"/>
    <code>
      <system value="https://www.napkon.de/fhir/CodeSystem/geccoplus-codesystem"/>
      <code value="s11"/>
      <display value="Sweep or mop the floor."/>
    </code>
    <type value="choice"/>
    <answerValueSet value="https://www.napkon.de/fhir/ValueSet/geccoplus-proms-responses"/>
  </item>
  <item>
    <linkId value="question7"/>
    <code>
      <system value="https://www.napkon.de/fhir/CodeSystem/geccoplus-codesystem"/>
      <code value="s12"/>
      <display value="Dressing without help."/>
    </code>
    <type value="choice"/>
    <answerValueSet value="https://www.napkon.de/fhir/ValueSet/geccoplus-proms-responses"/>
  </item>
  <item>
    <linkId value="question8"/>
    <code>
      <system value="https://www.napkon.de/fhir/CodeSystem/geccoplus-codesystem"/>
      <code value="s13"/>
      <display value="Preparing meals."/>
    </code>
    <type value="choice"/>
    <answerValueSet value="https://www.napkon.de/fhir/ValueSet/geccoplus-proms-responses"/>
  </item>
  <item>
    <linkId value="question9"/>
    <code>
      <system value="https://www.napkon.de/fhir/CodeSystem/geccoplus-codesystem"/>
      <code value="s14"/>
      <display value="Washing dishes."/>
    </code>
    <type value="choice"/>
    <answerValueSet value="https://www.napkon.de/fhir/ValueSet/geccoplus-proms-responses"/>
  </item>
  <item>
    <linkId value="question10"/>
    <code>
      <system value="https://www.napkon.de/fhir/CodeSystem/geccoplus-codesystem"/>
      <code value="s15"/>
      <display value="Making a bed."/>
    </code>
    <type value="choice"/>
    <answerValueSet value="https://www.napkon.de/fhir/ValueSet/geccoplus-proms-responses"/>
  </item>
</Questionnaire>