<?xml version="1.0" encoding="UTF-8"?>

<ValueSet xmlns="http://hl7.org/fhir">
  <id value="geccoplus-proms-responses"/>
  <text>
    <status value="generated"/><div xmlns="http://www.w3.org/1999/xhtml"><ul><li>Include these codes as defined in <a href="CodeSystem-geccoplus-codesystem.html"><code>https://www.napkon.de/fhir/CodeSystem/geccoplus-codesystem</code></a><table class="none"><tr><td style="white-space:nowrap"><b>Code</b></td><td><b>Display</b></td></tr><tr><td><a href="CodeSystem-geccoplus-codesystem.html#geccoplus-codesystem-61">61</a></td><td>No difficulties.</td></tr><tr><td><a href="CodeSystem-geccoplus-codesystem.html#geccoplus-codesystem-62">62</a></td><td>Mild difficulties.</td></tr><tr><td><a href="CodeSystem-geccoplus-codesystem.html#geccoplus-codesystem-63">63</a></td><td>Moderate difficulties.</td></tr><tr><td><a href="CodeSystem-geccoplus-codesystem.html#geccoplus-codesystem-64">64</a></td><td>Severe difficulties.</td></tr><tr><td><a href="CodeSystem-geccoplus-codesystem.html#geccoplus-codesystem-65">65</a></td><td>I haven't done this in the past 7 days.</td></tr><tr><td><a href="CodeSystem-geccoplus-codesystem.html#geccoplus-codesystem-66">66</a></td><td>No information available.</td></tr></table></li></ul></div>
  </text>
  <url value="https://www.napkon.de/fhir/ValueSet/geccoplus-proms-responses"/>
  <version value="1.0.0"/>
  <name value="PROMsResponses"/>
  <title value="PROM responses in the context of GECCOplus"/>
  <status value="active"/>
  <date value="2021-11-29"/>
  <publisher value="Charité - Universitätsmedizin Berlin"/>
  <contact>
    <telecom>
      <system value="url"/>
      <value value="https://www.bihealth.org/en/research/core-facilities/interoperability/"/>
    </telecom>
  </contact>
  <description value="Response codes for PROMs of GECCOplus"/>
  <compose>
    <include>
      <system value="https://www.napkon.de/fhir/CodeSystem/geccoplus-codesystem"/>
      <concept>
        <code value="61"/>
        <display value="No difficulties."/>
      </concept>
      <concept>
        <code value="62"/>
        <display value="Mild difficulties."/>
      </concept>
      <concept>
        <code value="63"/>
        <display value="Moderate difficulties."/>
      </concept>
      <concept>
        <code value="64"/>
        <display value="Severe difficulties."/>
      </concept>
      <concept>
        <code value="65"/>
        <display value="I haven&#39;t done this in the past 7 days."/>
      </concept>
      <concept>
        <code value="66"/>
        <display value="No information available."/>
      </concept>
    </include>
  </compose>
</ValueSet>