<?xml version="1.0" encoding="UTF-8"?>

<ValueSet xmlns="http://hl7.org/fhir">
  <id value="geccoplus-school-degree"/>
  <text>
    <status value="generated"/><div xmlns="http://www.w3.org/1999/xhtml"><p>This value set includes codes based on the following rules:</p><ul><li>Include these codes as defined in <a href="CodeSystem-geccoplus-codesystem.html"><code>https://www.napkon.de/fhir/CodeSystem/geccoplus-codesystem</code></a><table class="none"><tr><td style="white-space:nowrap"><b>Code</b></td><td><b>Display</b></td></tr><tr><td><a href="CodeSystem-geccoplus-codesystem.html#geccoplus-codesystem-71">71</a></td><td>Volks-/Hauptschulabschluss</td></tr><tr><td><a href="CodeSystem-geccoplus-codesystem.html#geccoplus-codesystem-72">72</a></td><td>Realschulabschluss/Mittlere Reife</td></tr><tr><td><a href="CodeSystem-geccoplus-codesystem.html#geccoplus-codesystem-73">73</a></td><td>Fachhochschulabschluss</td></tr></table></li><li>Include these codes as defined in <a href="http://www.snomed.org/"><code>http://snomed.info/sct</code></a><table class="none"><tr><td style="white-space:nowrap"><b>Code</b></td><td><b>Display</b></td></tr><tr><td><a href="http://browser.ihtsdotools.org/?perspective=full&amp;conceptId1=473461003">473461003</a></td><td>Educated to high school level (finding)</td></tr><tr><td><a href="http://browser.ihtsdotools.org/?perspective=full&amp;conceptId1=224294005">224294005</a></td><td>No formal education (finding)</td></tr></table></li></ul></div>
  </text>
  <url value="https://www.napkon.de/fhir/ValueSet/geccoplus-school-degree"/>
  <version value="0.1.0"/>
  <name value="SchoolDegree"/>
  <title value="School Degree"/>
  <status value="draft"/>
  <date value="2021-10-11"/>
  <publisher value="Charité - Universitätsmedizin Berlin"/>
  <contact>
    <name value="Charité - Universitätsmedizin Berlin"/>
    <telecom>
      <system value="url"/>
      <value value="https://www.netzwerk-universitaetsmedizin.de"/>
    </telecom>
  </contact>
  <description value="Value set of school degrees"/>
  <compose>
    <include>
      <system value="https://www.napkon.de/fhir/CodeSystem/geccoplus-codesystem"/>
      <concept>
        <code value="71"/>
        <display value="Volks-/Hauptschulabschluss"/>
      </concept>
      <concept>
        <code value="72"/>
        <display value="Realschulabschluss/Mittlere Reife"/>
      </concept>
      <concept>
        <code value="73"/>
        <display value="Fachhochschulabschluss"/>
      </concept>
    </include>
    <include>
      <system value="http://snomed.info/sct"/>
      <concept>
        <code value="473461003"/>
        <display value="Educated to high school level (finding)"/>
      </concept>
      <concept>
        <code value="224294005"/>
        <display value="No formal education (finding)"/>
      </concept>
    </include>
  </compose>
</ValueSet>