<?xml version="1.0" encoding="UTF-8"?><CodeSystem xmlns="http://hl7.org/fhir"><id value="geccoplus-codesystem"/><text><status value="generated"/><div xmlns="http://www.w3.org/1999/xhtml"><p>This code system https://www.napkon.de/fhir/CodeSystem/geccoplus-codesystem defines the following codes:</p><table class="codes"><tr><td style="white-space:nowrap"><b>Code</b></td><td><b>Display</b></td></tr><tr><td style="white-space:nowrap">s1<a name="geccoplus-codesystem-s1"> </a></td><td>Agility and mobility</td></tr><tr><td style="white-space:nowrap">s2<a name="geccoplus-codesystem-s2"> </a></td><td>Self-sufficiency</td></tr><tr><td style="white-space:nowrap">s3<a name="geccoplus-codesystem-s3"> </a></td><td>Daily activities</td></tr><tr><td style="white-space:nowrap">s4<a name="geccoplus-codesystem-s4"> </a></td><td>Pain and discomfort</td></tr><tr><td style="white-space:nowrap">s5<a name="geccoplus-codesystem-s5"> </a></td><td>Anxiety and depression</td></tr><tr><td style="white-space:nowrap">11<a name="geccoplus-codesystem-11"> </a></td><td>I have no problems in walking about.</td></tr><tr><td style="white-space:nowrap">12<a name="geccoplus-codesystem-12"> </a></td><td>I have slight problems in walking about.</td></tr><tr><td style="white-space:nowrap">13<a name="geccoplus-codesystem-13"> </a></td><td>I have moderate problems in walking about.</td></tr><tr><td style="white-space:nowrap">14<a name="geccoplus-codesystem-14"> </a></td><td>I have severe problems in walking about.</td></tr><tr><td style="white-space:nowrap">15<a name="geccoplus-codesystem-15"> </a></td><td>I am unable to walk about.</td></tr><tr><td style="white-space:nowrap">16<a name="geccoplus-codesystem-16"> </a></td><td>No information available.</td></tr><tr><td style="white-space:nowrap">21<a name="geccoplus-codesystem-21"> </a></td><td>I have no problems washing or dressing myself.</td></tr><tr><td style="white-space:nowrap">22<a name="geccoplus-codesystem-22"> </a></td><td>I have slight problems washing or dressing myself.</td></tr><tr><td style="white-space:nowrap">23<a name="geccoplus-codesystem-23"> </a></td><td>I have moderate problems washing or dressing myself.</td></tr><tr><td style="white-space:nowrap">24<a name="geccoplus-codesystem-24"> </a></td><td>I have severe problems washing or dressing myself.</td></tr><tr><td style="white-space:nowrap">25<a name="geccoplus-codesystem-25"> </a></td><td>I am unable to wash or dress myself.</td></tr><tr><td style="white-space:nowrap">26<a name="geccoplus-codesystem-26"> </a></td><td>No information available.</td></tr><tr><td style="white-space:nowrap">31<a name="geccoplus-codesystem-31"> </a></td><td>I have no problems doing my usual activities.</td></tr><tr><td style="white-space:nowrap">32<a name="geccoplus-codesystem-32"> </a></td><td>I have slight problems doing my usual activities.</td></tr><tr><td style="white-space:nowrap">33<a name="geccoplus-codesystem-33"> </a></td><td>I have moderate problems doing my usual activities.</td></tr><tr><td style="white-space:nowrap">34<a name="geccoplus-codesystem-34"> </a></td><td>I have severe problems doing my usual activities.</td></tr><tr><td style="white-space:nowrap">35<a name="geccoplus-codesystem-35"> </a></td><td>I am unable to do my usual activities.</td></tr><tr><td style="white-space:nowrap">36<a name="geccoplus-codesystem-36"> </a></td><td>No information available.</td></tr><tr><td style="white-space:nowrap">41<a name="geccoplus-codesystem-41"> </a></td><td>I have no pain or discomfort.</td></tr><tr><td style="white-space:nowrap">42<a name="geccoplus-codesystem-42"> </a></td><td>I have slight pain or discomfort.</td></tr><tr><td style="white-space:nowrap">43<a name="geccoplus-codesystem-43"> </a></td><td>I have moderate pain or discomfort.</td></tr><tr><td style="white-space:nowrap">44<a name="geccoplus-codesystem-44"> </a></td><td>I have severe pain or discomfort.</td></tr><tr><td style="white-space:nowrap">45<a name="geccoplus-codesystem-45"> </a></td><td>I have extreme pain or discomfort.</td></tr><tr><td style="white-space:nowrap">46<a name="geccoplus-codesystem-46"> </a></td><td>No information available.</td></tr><tr><td style="white-space:nowrap">51<a name="geccoplus-codesystem-51"> </a></td><td>I am not anxious or depressed.</td></tr><tr><td style="white-space:nowrap">52<a name="geccoplus-codesystem-52"> </a></td><td>I am slightly anxious or depressed.</td></tr><tr><td style="white-space:nowrap">53<a name="geccoplus-codesystem-53"> </a></td><td>I am moderately anxious or depressed.</td></tr><tr><td style="white-space:nowrap">54<a name="geccoplus-codesystem-54"> </a></td><td>I am severely anxious or depressed.</td></tr><tr><td style="white-space:nowrap">55<a name="geccoplus-codesystem-55"> </a></td><td>I am extremely anxious or depressed.</td></tr><tr><td style="white-space:nowrap">56<a name="geccoplus-codesystem-56"> </a></td><td>No information available.</td></tr><tr><td style="white-space:nowrap">s6<a name="geccoplus-codesystem-s6"> </a></td><td>Lift something that weighs 4.5kg - 9.0kg (e.g. a large bag of food).</td></tr><tr><td style="white-space:nowrap">s7<a name="geccoplus-codesystem-s7"> </a></td><td>Carrying something that weighs 4.5kg - 9.0 kg (e.g. a large bag of food) from one room to another room.</td></tr><tr><td style="white-space:nowrap">s8<a name="geccoplus-codesystem-s8"> </a></td><td>Walk approximately 1 km (faster than your normal pace) without stopping.</td></tr><tr><td style="white-space:nowrap">s9<a name="geccoplus-codesystem-s9"> </a></td><td>Walk 50 steps on level ground at a normal pace without stopping.</td></tr><tr><td style="white-space:nowrap">s10<a name="geccoplus-codesystem-s10"> </a></td><td>Walk up 20 steps or two flights of stairs without stopping.</td></tr><tr><td style="white-space:nowrap">s11<a name="geccoplus-codesystem-s11"> </a></td><td>Sweep or mop the floor.</td></tr><tr><td style="white-space:nowrap">s12<a name="geccoplus-codesystem-s12"> </a></td><td>Dressing without help.</td></tr><tr><td style="white-space:nowrap">s13<a name="geccoplus-codesystem-s13"> </a></td><td>Preparing meals.</td></tr><tr><td style="white-space:nowrap">s14<a name="geccoplus-codesystem-s14"> </a></td><td>Washing dishes.</td></tr><tr><td style="white-space:nowrap">s15<a name="geccoplus-codesystem-s15"> </a></td><td>Making a bed.</td></tr><tr><td style="white-space:nowrap">61<a name="geccoplus-codesystem-61"> </a></td><td>No difficulties.</td></tr><tr><td style="white-space:nowrap">62<a name="geccoplus-codesystem-62"> </a></td><td>Mild difficulties.</td></tr><tr><td style="white-space:nowrap">63<a name="geccoplus-codesystem-63"> </a></td><td>Moderate difficulties.</td></tr><tr><td style="white-space:nowrap">64<a name="geccoplus-codesystem-64"> </a></td><td>Severe difficulties.</td></tr><tr><td style="white-space:nowrap">65<a name="geccoplus-codesystem-65"> </a></td><td>I haven&#39;t done this in the past 7 days.</td></tr><tr><td style="white-space:nowrap">66<a name="geccoplus-codesystem-66"> </a></td><td>No information available.</td></tr><tr><td style="white-space:nowrap">71<a name="geccoplus-codesystem-71"> </a></td><td>Volks-/Hauptschulabschluss</td></tr><tr><td style="white-space:nowrap">72<a name="geccoplus-codesystem-72"> </a></td><td>Realschulabschluss/Mittlere Reife</td></tr><tr><td style="white-space:nowrap">73<a name="geccoplus-codesystem-73"> </a></td><td>Fachhochschulabschluss</td></tr></table></div></text><url value="https://www.napkon.de/fhir/CodeSystem/geccoplus-codesystem"/><version value="0.1.0"/><name value="GECCOPlus"/><title value="GECCOplus Module Codes"/><status value="active"/><date value="2021-12-17T11:18:04+00:00"/><publisher value="Charité - Universitätsmedizin Berlin"/><contact><name value="Charité - Universitätsmedizin Berlin"/><telecom><system value="url"/><value value="https://www.netzwerk-universitaetsmedizin.de"/></telecom></contact><description value="GECCOplus Module Code System - Collection of codes that are missing from common terminologies such as SNOMED CT"/><content value="complete"/><count value="54"/><concept><code value="s1"/><display value="Agility and mobility"/></concept><concept><code value="s2"/><display value="Self-sufficiency"/></concept><concept><code value="s3"/><display value="Daily activities"/></concept><concept><code value="s4"/><display value="Pain and discomfort"/></concept><concept><code value="s5"/><display value="Anxiety and depression"/></concept><concept><code value="11"/><display value="I have no problems in walking about."/></concept><concept><code value="12"/><display value="I have slight problems in walking about."/></concept><concept><code value="13"/><display value="I have moderate problems in walking about."/></concept><concept><code value="14"/><display value="I have severe problems in walking about."/></concept><concept><code value="15"/><display value="I am unable to walk about."/></concept><concept><code value="16"/><display value="No information available."/></concept><concept><code value="21"/><display value="I have no problems washing or dressing myself."/></concept><concept><code value="22"/><display value="I have slight problems washing or dressing myself."/></concept><concept><code value="23"/><display value="I have moderate problems washing or dressing myself."/></concept><concept><code value="24"/><display value="I have severe problems washing or dressing myself."/></concept><concept><code value="25"/><display value="I am unable to wash or dress myself."/></concept><concept><code value="26"/><display value="No information available."/></concept><concept><code value="31"/><display value="I have no problems doing my usual activities."/></concept><concept><code value="32"/><display value="I have slight problems doing my usual activities."/></concept><concept><code value="33"/><display value="I have moderate problems doing my usual activities."/></concept><concept><code value="34"/><display value="I have severe problems doing my usual activities."/></concept><concept><code value="35"/><display value="I am unable to do my usual activities."/></concept><concept><code value="36"/><display value="No information available."/></concept><concept><code value="41"/><display value="I have no pain or discomfort."/></concept><concept><code value="42"/><display value="I have slight pain or discomfort."/></concept><concept><code value="43"/><display value="I have moderate pain or discomfort."/></concept><concept><code value="44"/><display value="I have severe pain or discomfort."/></concept><concept><code value="45"/><display value="I have extreme pain or discomfort."/></concept><concept><code value="46"/><display value="No information available."/></concept><concept><code value="51"/><display value="I am not anxious or depressed."/></concept><concept><code value="52"/><display value="I am slightly anxious or depressed."/></concept><concept><code value="53"/><display value="I am moderately anxious or depressed."/></concept><concept><code value="54"/><display value="I am severely anxious or depressed."/></concept><concept><code value="55"/><display value="I am extremely anxious or depressed."/></concept><concept><code value="56"/><display value="No information available."/></concept><concept><code value="s6"/><display value="Lift something that weighs 4.5kg - 9.0kg (e.g. a large bag of food)."/></concept><concept><code value="s7"/><display value="Carrying something that weighs 4.5kg - 9.0 kg (e.g. a large bag of food) from one room to another room."/></concept><concept><code value="s8"/><display value="Walk approximately 1 km (faster than your normal pace) without stopping."/></concept><concept><code value="s9"/><display value="Walk 50 steps on level ground at a normal pace without stopping."/></concept><concept><code value="s10"/><display value="Walk up 20 steps or two flights of stairs without stopping."/></concept><concept><code value="s11"/><display value="Sweep or mop the floor."/></concept><concept><code value="s12"/><display value="Dressing without help."/></concept><concept><code value="s13"/><display value="Preparing meals."/></concept><concept><code value="s14"/><display value="Washing dishes."/></concept><concept><code value="s15"/><display value="Making a bed."/></concept><concept><code value="61"/><display value="No difficulties."/></concept><concept><code value="62"/><display value="Mild difficulties."/></concept><concept><code value="63"/><display value="Moderate difficulties."/></concept><concept><code value="64"/><display value="Severe difficulties."/></concept><concept><code value="65"/><display value="I haven&#39;t done this in the past 7 days."/></concept><concept><code value="66"/><display value="No information available."/></concept><concept><code value="71"/><display value="Volks-/Hauptschulabschluss"/></concept><concept><code value="72"/><display value="Realschulabschluss/Mittlere Reife"/></concept><concept><code value="73"/><display value="Fachhochschulabschluss"/></concept></CodeSystem>