<?xml version="1.0" encoding="UTF-8"?><ImplementationGuide xmlns="http://hl7.org/fhir"><id value="napkon-geccoplus"/><text><status value="extensions"/><div xmlns="http://www.w3.org/1999/xhtml"><h2>napkongeccoplus</h2><p>The official URL for this implementation guide is: </p><pre>https://www.napkon.de/fhir/ImplementationGuide/napkon-geccoplus</pre></div></text><url value="https://www.napkon.de/fhir/ImplementationGuide/napkon-geccoplus"/><version value="1.0.0"/><name value="napkongeccoplus"/><title value="NAPKON GECCO+"/><status value="active"/><date value="2021-12-17T13:44:29+00:00"/><publisher value="Charité - Universitätsmedizin Berlin"/><contact><name value="Charité - Universitätsmedizin Berlin"/><telecom><system value="url"/><value value="https://www.netzwerk-universitaetsmedizin.de"/></telecom></contact><packageId value="napkon-geccoplus"/><license value="CC0-1.0"/><fhirVersion value="4.0.1"/><dependsOn id="de_medizininformatikinitiative_kerndatensatz_prozedur"><uri value="https://simplifier.net/guide/medizininformatikinitiative-modulprozeduren-implementationguide"/><packageId value="de.medizininformatikinitiative.kerndatensatz.prozedur"/><version value="2.0.0-alpha3"/></dependsOn><dependsOn id="de_medizininformatikinitiative_kerndatensatz_person"><uri value="https://simplifier.net/guide/medizininformatikinitiative-modulperson-implementationguide"/><packageId value="de.medizininformatikinitiative.kerndatensatz.person"/><version value="2.0.0-alpha3"/></dependsOn><dependsOn id="de_medizininformatikinitiative_kerndatensatz_medikation"><uri value="https://simplifier.net/guide/medizininformatikinitiative-modulmedikation-implementationguide"/><packageId value="de.medizininformatikinitiative.kerndatensatz.medikation"/><version value="1.0.10"/></dependsOn><dependsOn id="de_medizininformatikinitiative_kerndatensatz_diagnose"><uri value="https://simplifier.net/guide/medizininformatikinitiative-moduldiagnosen-implementationguide"/><packageId value="de.medizininformatikinitiative.kerndatensatz.diagnose"/><version value="2.0.0-alpha3"/></dependsOn><dependsOn id="de_medizininformatikinitiative_kerndatensatz_laborbefund"><uri value="https://simplifier.net/guide/laborbefundindermedizininformatik-initiative"/><packageId value="de.medizininformatikinitiative.kerndatensatz.laborbefund"/><version value="1.0.6"/></dependsOn><dependsOn id="de_gecco"><uri value="https://simplifier.net/guide/germancoronaconsensusdataset-implementationguide"/><packageId value="de.gecco"/><version value="1.0.5"/></dependsOn><dependsOn id="de_medizininformatikinitiative_kerndatensatz_meta"><uri value="https://simplifier.net/guide/medizininformatikinitiative-implementationguide-manteldokument"/><packageId value="de.medizininformatikinitiative.kerndatensatz.meta"/><version value="1.0.3"/></dependsOn><definition><extension url="http://hl7.org/fhir/tools/StructureDefinition/ig-parameter"><extension url="code"><valueString value="copyrightyear"/></extension><extension url="value"><valueString value="2021+"/></extension></extension><extension url="http://hl7.org/fhir/tools/StructureDefinition/ig-parameter"><extension url="code"><valueString value="releaselabel"/></extension><extension url="value"><valueString value="ci-build"/></extension></extension><extension url="http://hl7.org/fhir/tools/StructureDefinition/ig-parameter"><extension url="code"><valueString value="active-tables"/></extension><extension url="value"><valueString value="true"/></extension></extension><extension url="http://hl7.org/fhir/tools/StructureDefinition/ig-parameter"><extension url="code"><valueString value="apply-contact"/></extension><extension url="value"><valueString value="false"/></extension></extension><extension url="http://hl7.org/fhir/tools/StructureDefinition/ig-parameter"><extension url="code"><valueString value="apply-jurisdiction"/></extension><extension url="value"><valueString value="false"/></extension></extension><extension url="http://hl7.org/fhir/tools/StructureDefinition/ig-parameter"><extension url="code"><valueString value="apply-publisher"/></extension><extension url="value"><valueString value="false"/></extension></extension><extension url="http://hl7.org/fhir/tools/StructureDefinition/ig-parameter"><extension url="code"><valueString value="apply-version"/></extension><extension url="value"><valueString value="false"/></extension></extension><extension url="http://hl7.org/fhir/tools/StructureDefinition/ig-parameter"><extension url="code"><valueString value="show-inherited-invariants"/></extension><extension url="value"><valueString value="false"/></extension></extension><extension url="http://hl7.org/fhir/tools/StructureDefinition/ig-parameter"><extension url="code"><valueString value="usage-stats-opt-out"/></extension><extension url="value"><valueString value="true"/></extension></extension><extension url="http://hl7.org/fhir/tools/StructureDefinition/ig-parameter"><extension url="code"><valueString value="excludexml"/></extension><extension url="value"><valueString value="false"/></extension></extension><extension url="http://hl7.org/fhir/tools/StructureDefinition/ig-parameter"><extension url="code"><valueString value="excludejsn"/></extension><extension url="value"><valueString value="false"/></extension></extension><extension url="http://hl7.org/fhir/tools/StructureDefinition/ig-parameter"><extension url="code"><valueString value="excludettl"/></extension><extension url="value"><valueString value="true"/></extension></extension><extension url="http://hl7.org/fhir/tools/StructureDefinition/ig-parameter"><extension url="code"><valueString value="excludemap"/></extension><extension url="value"><valueString value="true"/></extension></extension><extension url="http://hl7.org/fhir/tools/StructureDefinition/ig-parameter"><extension url="code"><valueString value="excludeexample"/></extension><extension url="value"><valueString value="true"/></extension></extension><extension url="http://hl7.org/fhir/tools/StructureDefinition/ig-parameter"><extension url="code"><valueString value="extension-domain"/></extension><extension url="value"><valueString value="https://www.netzwerk-universitaetsmedizin.de"/></extension></extension><extension url="http://hl7.org/fhir/tools/StructureDefinition/ig-parameter"><extension url="code"><valueString value="extension-domain"/></extension><extension url="value"><valueString value="https://napkon.de"/></extension></extension><extension url="http://hl7.org/fhir/tools/StructureDefinition/ig-parameter"><extension url="code"><valueString value="extension-domain"/></extension><extension url="value"><valueString value="https://simplifier.net"/></extension></extension><extension url="http://hl7.org/fhir/tools/StructureDefinition/ig-parameter"><extension url="code"><valueString value="autoload-resources"/></extension><extension url="value"><valueString value="true"/></extension></extension><extension url="http://hl7.org/fhir/tools/StructureDefinition/ig-parameter"><extension url="code"><valueString value="path-liquid"/></extension><extension url="value"><valueString value="template/liquid"/></extension></extension><extension url="http://hl7.org/fhir/tools/StructureDefinition/ig-parameter"><extension url="code"><valueString value="path-liquid"/></extension><extension url="value"><valueString value="input/liquid"/></extension></extension><extension url="http://hl7.org/fhir/tools/StructureDefinition/ig-parameter"><extension url="code"><valueString value="path-qa"/></extension><extension url="value"><valueString value="temp/qa"/></extension></extension><extension url="http://hl7.org/fhir/tools/StructureDefinition/ig-parameter"><extension url="code"><valueString value="path-temp"/></extension><extension url="value"><valueString value="temp/pages"/></extension></extension><extension url="http://hl7.org/fhir/tools/StructureDefinition/ig-parameter"><extension url="code"><valueString value="path-output"/></extension><extension url="value"><valueString value="output"/></extension></extension><extension url="http://hl7.org/fhir/tools/StructureDefinition/ig-parameter"><extension url="code"><valueString value="path-suppressed-warnings"/></extension><extension url="value"><valueString value="input/ignoreWarnings.txt"/></extension></extension><extension url="http://hl7.org/fhir/tools/StructureDefinition/ig-parameter"><extension url="code"><valueString value="path-history"/></extension><extension url="value"><valueString value="https://www.napkon.de/fhir/history.html"/></extension></extension><extension url="http://hl7.org/fhir/tools/StructureDefinition/ig-parameter"><extension url="code"><valueString value="template-html"/></extension><extension url="value"><valueString value="template-page.html"/></extension></extension><extension url="http://hl7.org/fhir/tools/StructureDefinition/ig-parameter"><extension url="code"><valueString value="template-md"/></extension><extension url="value"><valueString value="template-page-md.html"/></extension></extension><extension url="http://hl7.org/fhir/tools/StructureDefinition/ig-parameter"><extension url="code"><valueString value="apply-context"/></extension><extension url="value"><valueString value="true"/></extension></extension><extension url="http://hl7.org/fhir/tools/StructureDefinition/ig-parameter"><extension url="code"><valueString value="apply-copyright"/></extension><extension url="value"><valueString value="true"/></extension></extension><extension url="http://hl7.org/fhir/tools/StructureDefinition/ig-parameter"><extension url="code"><valueString value="apply-license"/></extension><extension url="value"><valueString value="true"/></extension></extension><grouping id="-str-questionnaire"><name value="Structures: Questionnaires"/><description value="These define forms used by systems conforming to this implementation guide to capture or expose data to end users"/></grouping><grouping id="-str-profile"><name value="Structures: Resource Profiles"/><description value="These define constraints on FHIR resources for systems conforming to this implementation guide"/></grouping><grouping id="-term-valueset"><name value="Terminology: Value Sets"/><description value="These define sets of codes used by systems conforming to this implementation guide"/></grouping><grouping id="-term-codesystem"><name value="Terminology: Code Systems"/><description value="These define new code systems used by systems conforming to this implementation guide"/></grouping><grouping id="-ex-example"><name value="Example: Example Instances"/><description value="These are example instances that show what data produced and consumed by systems conforming with this implementation guide might look like"/></grouping><resource><extension url="http://hl7.org/fhir/StructureDefinition/implementationguide-page"><valueUri value="StructureDefinition-geccoplus-allergy.html"/></extension><reference><reference value="StructureDefinition/geccoplus-allergy"/></reference><name value="Allergies"/><description value="Profile for allergies in the context of GECCO+"/><exampleBoolean value="false"/><groupingId value="-str-profile"/></resource><resource><extension url="http://hl7.org/fhir/StructureDefinition/implementationguide-page"><valueUri value="StructureDefinition-geccoplus-eq5d-response.html"/></extension><reference><reference value="StructureDefinition/geccoplus-eq5d-response"/></reference><name value="EQ5D Questionnaire Response"/><description value="Response to the EQ-5D Questionnaire"/><exampleBoolean value="false"/><groupingId value="-str-profile"/></resource><resource><extension url="http://hl7.org/fhir/StructureDefinition/implementationguide-page"><valueUri value="StructureDefinition-geccoplus-highest-school-degree.html"/></extension><reference><reference value="StructureDefinition/geccoplus-highest-school-degree"/></reference><name value="Highest school degree"/><description value="Highest school degree in the context of GECCO+"/><exampleBoolean value="false"/><groupingId value="-str-profile"/></resource><resource><extension url="http://hl7.org/fhir/StructureDefinition/implementationguide-page"><valueUri value="StructureDefinition-geccoplus-proms-response.html"/></extension><reference><reference value="StructureDefinition/geccoplus-proms-response"/></reference><name value="PROMS Response"/><description value="Response to the PROMs questionnaire"/><exampleBoolean value="false"/><groupingId value="-str-profile"/></resource><resource><extension url="http://hl7.org/fhir/StructureDefinition/implementationguide-page"><valueUri value="StructureDefinition-geccoplus-symptoms.html"/></extension><reference><reference value="StructureDefinition/geccoplus-symptoms"/></reference><name value="Symptoms"/><description value="Symptoms in the context of GECCO+"/><exampleBoolean value="false"/><groupingId value="-str-profile"/></resource><resource><extension url="http://hl7.org/fhir/StructureDefinition/implementationguide-page"><valueUri value="StructureDefinition-geccoplus-urine-diagnostics.html"/></extension><reference><reference value="StructureDefinition/geccoplus-urine-diagnostics"/></reference><name value="Urine Diagnostics"/><description value="Urine diagnostics"/><exampleBoolean value="false"/><groupingId value="-str-profile"/></resource><resource><extension url="http://hl7.org/fhir/StructureDefinition/implementationguide-page"><valueUri value="StructureDefinition-geccoplus-urine-specific-gravity.html"/></extension><reference><reference value="StructureDefinition/geccoplus-urine-specific-gravity"/></reference><name value="Urine Specific Gravity"/><description value="Specific gravity of urine"/><exampleBoolean value="false"/><groupingId value="-str-profile"/></resource><resource><extension url="http://hl7.org/fhir/StructureDefinition/implementationguide-page"><valueUri value="StructureDefinition-geccoplus-urine-urobilinogen.html"/></extension><reference><reference value="StructureDefinition/geccoplus-urine-urobilinogen"/></reference><name value="Urine Urobilinogen"/><description value="Urine urobilinogen"/><exampleBoolean value="false"/><groupingId value="-str-profile"/></resource><resource><extension url="http://hl7.org/fhir/StructureDefinition/implementationguide-page"><valueUri value="ValueSet-geccoplus-allergies-icd.html"/></extension><reference><reference value="ValueSet/geccoplus-allergies-icd"/></reference><name value="Allergies (ICD-10-GM)"/><description value="Value set for allergies in the context of GECCO+ (ICD-10-GM)"/><exampleBoolean value="false"/><groupingId value="-term-valueset"/></resource><resource><extension url="http://hl7.org/fhir/StructureDefinition/implementationguide-page"><valueUri value="ValueSet-geccoplus-allergies-sct.html"/></extension><reference><reference value="ValueSet/geccoplus-allergies-sct"/></reference><name value="Allergies (SNOMED CT)"/><description value="Value set for allergies in the context of GECCO+ (SNOMED CT)"/><exampleBoolean value="false"/><groupingId value="-term-valueset"/></resource><resource><extension url="http://hl7.org/fhir/StructureDefinition/implementationguide-page"><valueUri value="ValueSet-detected-not-detected-unknown-undetermined.html"/></extension><reference><reference value="ValueSet/detected-not-detected-unknown-undetermined"/></reference><name value="Detected Not Detected Unknown Undetermined"/><description value="Values for laboratory observations"/><exampleBoolean value="false"/><groupingId value="-term-valueset"/></resource><resource><extension url="http://hl7.org/fhir/StructureDefinition/implementationguide-page"><valueUri value="ValueSet-geccoplus-eq5d-s1-responses.html"/></extension><reference><reference value="ValueSet/geccoplus-eq5d-s1-responses"/></reference><name value="EQ5D section one answers"/><description value="EQ5D section one (agility and mobility) answers"/><exampleBoolean value="false"/><groupingId value="-term-valueset"/></resource><resource><extension url="http://hl7.org/fhir/StructureDefinition/implementationguide-page"><valueUri value="ValueSet-geccoplus-eq5d-s2-responses.html"/></extension><reference><reference value="ValueSet/geccoplus-eq5d-s2-responses"/></reference><name value="EQ5D section two answers"/><description value="EQ5D section two (self-sufficiency) answers"/><exampleBoolean value="false"/><groupingId value="-term-valueset"/></resource><resource><extension url="http://hl7.org/fhir/StructureDefinition/implementationguide-page"><valueUri value="ValueSet-geccoplus-eq5d-s3-responses.html"/></extension><reference><reference value="ValueSet/geccoplus-eq5d-s3-responses"/></reference><name value="EQ5D section three answers"/><description value="EQ5D section three (daily activities) answers"/><exampleBoolean value="false"/><groupingId value="-term-valueset"/></resource><resource><extension url="http://hl7.org/fhir/StructureDefinition/implementationguide-page"><valueUri value="ValueSet-geccoplus-eq5d-s4-responses.html"/></extension><reference><reference value="ValueSet/geccoplus-eq5d-s4-responses"/></reference><name value="EQ5D section four answers"/><description value="EQ5D section four (pain and discomfort) answers"/><exampleBoolean value="false"/><groupingId value="-term-valueset"/></resource><resource><extension url="http://hl7.org/fhir/StructureDefinition/implementationguide-page"><valueUri value="ValueSet-geccoplus-eq5d-s5-responses.html"/></extension><reference><reference value="ValueSet/geccoplus-eq5d-s5-responses"/></reference><name value="EQ5D section five answers"/><description value="EQ5D section five (anxiety and depression) answers"/><exampleBoolean value="false"/><groupingId value="-term-valueset"/></resource><resource><extension url="http://hl7.org/fhir/StructureDefinition/implementationguide-page"><valueUri value="ValueSet-geccoplus-laboratory-diagnostics.html"/></extension><reference><reference value="ValueSet/geccoplus-laboratory-diagnostics"/></reference><name value="Laboratory Diagnostics"/><description value="Laboratory diagnostics in the context of NAPKON GECCO+ module"/><exampleBoolean value="false"/><groupingId value="-term-valueset"/></resource><resource><extension url="http://hl7.org/fhir/StructureDefinition/implementationguide-page"><valueUri value="ValueSet-geccoplus-normal-pathologic.html"/></extension><reference><reference value="ValueSet/geccoplus-normal-pathologic"/></reference><name value="Normal Pathologic"/><description value="Normal Pathologic"/><exampleBoolean value="false"/><groupingId value="-term-valueset"/></resource><resource><extension url="http://hl7.org/fhir/StructureDefinition/implementationguide-page"><valueUri value="ValueSet-geccoplus-proms-responses.html"/></extension><reference><reference value="ValueSet/geccoplus-proms-responses"/></reference><name value="PROM responses in the context of GECCOplus"/><description value="Response codes for PROMs of GECCOplus"/><exampleBoolean value="false"/><groupingId value="-term-valueset"/></resource><resource><extension url="http://hl7.org/fhir/StructureDefinition/implementationguide-page"><valueUri value="ValueSet-geccoplus-positive-negative.html"/></extension><reference><reference value="ValueSet/geccoplus-positive-negative"/></reference><name value="Positive Negative Codes"/><description value="Positive / Negative Codes in the context of NAPKON GECCO+ Module"/><exampleBoolean value="false"/><groupingId value="-term-valueset"/></resource><resource><extension url="http://hl7.org/fhir/StructureDefinition/implementationguide-page"><valueUri value="ValueSet-present-not-present-undetermined-other.html"/></extension><reference><reference value="ValueSet/present-not-present-undetermined-other"/></reference><name value="Present Not Present Undetermined Other"/><description value="Values for laboratory observations"/><exampleBoolean value="false"/><groupingId value="-term-valueset"/></resource><resource><extension url="http://hl7.org/fhir/StructureDefinition/implementationguide-page"><valueUri value="ValueSet-restricted-event-status.html"/></extension><reference><reference value="ValueSet/restricted-event-status"/></reference><name value="RestrictedEventStatus"/><description value="EventStatus value set restricted to codes not-done, active, completed and unknown"/><exampleBoolean value="false"/><groupingId value="-term-valueset"/></resource><resource><extension url="http://hl7.org/fhir/StructureDefinition/implementationguide-page"><valueUri value="ValueSet-geccoplus-school-degree.html"/></extension><reference><reference value="ValueSet/geccoplus-school-degree"/></reference><name value="School Degree"/><description value="Value set of school degrees"/><exampleBoolean value="false"/><groupingId value="-term-valueset"/></resource><resource><extension url="http://hl7.org/fhir/StructureDefinition/implementationguide-page"><valueUri value="ValueSet-geccoplus-symptoms-icd.html"/></extension><reference><reference value="ValueSet/geccoplus-symptoms-icd"/></reference><name value="Symptoms (ICD-10-GM)"/><description value="Value set for symptoms in the context of GECCO+ (ICD-10-GM)"/><exampleBoolean value="false"/><groupingId value="-term-valueset"/></resource><resource><extension url="http://hl7.org/fhir/StructureDefinition/implementationguide-page"><valueUri value="ValueSet-geccoplus-symptoms-sct.html"/></extension><reference><reference value="ValueSet/geccoplus-symptoms-sct"/></reference><name value="Symptoms (SNOMED CT)"/><description value="Value set for symptoms in the context of GECCO+ (SNOMED CT)"/><exampleBoolean value="false"/><groupingId value="-term-valueset"/></resource><resource><extension url="http://hl7.org/fhir/StructureDefinition/implementationguide-page"><valueUri value="ValueSet-urine-diagnostics.html"/></extension><reference><reference value="ValueSet/urine-diagnostics"/></reference><name value="Urine Diagnostics"/><description value="Urine diagnostic codes in the context of NAPKON GECCO+ module"/><exampleBoolean value="false"/><groupingId value="-term-valueset"/></resource><resource><extension url="http://hl7.org/fhir/StructureDefinition/implementationguide-page"><valueUri value="ValueSet-urine-specific-gravity.html"/></extension><reference><reference value="ValueSet/urine-specific-gravity"/></reference><name value="Urine Specific Gravity"/><description value="Specific gravity of urine"/><exampleBoolean value="false"/><groupingId value="-term-valueset"/></resource><resource><extension url="http://hl7.org/fhir/StructureDefinition/implementationguide-page"><valueUri value="ValueSet-urobilinogen-diagnostics.html"/></extension><reference><reference value="ValueSet/urobilinogen-diagnostics"/></reference><name value="Urobilinogen Diagnostics"/><description value="Urobilinogen diagnostics in the context of NAPKON GECCO+ module"/><exampleBoolean value="false"/><groupingId value="-term-valueset"/></resource><resource><extension url="http://hl7.org/fhir/StructureDefinition/implementationguide-page"><valueUri value="ValueSet-yes-no-unknown.html"/></extension><reference><reference value="ValueSet/yes-no-unknown"/></reference><name value="Yes No Unknown"/><description value="Yes / No / Unknown"/><exampleBoolean value="false"/><groupingId value="-term-valueset"/></resource><resource><extension url="http://hl7.org/fhir/StructureDefinition/implementationguide-page"><valueUri value="CodeSystem-geccoplus-codesystem.html"/></extension><reference><reference value="CodeSystem/geccoplus-codesystem"/></reference><name value="GECCOplus Module Codes"/><description value="GECCOplus Module Code System - Collection of codes that are missing from common terminologies such as SNOMED CT"/><exampleBoolean value="false"/><groupingId value="-term-codesystem"/></resource><resource><extension url="http://hl7.org/fhir/StructureDefinition/implementationguide-page"><valueUri value="QuestionnaireResponse-EQ5DResponse.html"/></extension><reference><reference value="QuestionnaireResponse/EQ5DResponse"/></reference><name value="Example responses to EQ-5D questionnaire"/><description value="Example as part of answers to the EQ-5D questionnaire."/><exampleCanonical value="https://www.napkon.de/fhir/StructureDefinition/geccoplus-eq5d-response"/><groupingId value="-ex-example"/></resource><resource><extension url="http://hl7.org/fhir/StructureDefinition/implementationguide-page"><valueUri value="Questionnaire-Eq5dQuestionaire.html"/></extension><reference><reference value="Questionnaire/Eq5dQuestionaire"/></reference><name value="EQ-5D Questionnaire"/><description value="EQ-5D is a standardised measure of health-related quality of life developed by the EuroQol Group to provide a simple, generic questionnaire for use in clinical and economic appraisal and population health surveys."/><exampleBoolean value="false"/><groupingId value="-str-questionnaire"/></resource><resource><extension url="http://hl7.org/fhir/StructureDefinition/implementationguide-page"><valueUri value="Patient-ExamplePatient.html"/></extension><reference><reference value="Patient/ExamplePatient"/></reference><name value="ExamplePatient"/><description value="Example patient to be used as reference in other instances"/><exampleBoolean value="true"/><groupingId value="-ex-example"/></resource><resource><extension url="http://hl7.org/fhir/StructureDefinition/implementationguide-page"><valueUri value="Observation-HighestSchoolDegreeExample.html"/></extension><reference><reference value="Observation/HighestSchoolDegreeExample"/></reference><name value="Highest School Degree Example"/><description value="Example of a achieved school degree"/><exampleCanonical value="https://www.napkon.de/fhir/StructureDefinition/geccoplus-highest-school-degree"/><groupingId value="-ex-example"/></resource><resource><extension url="http://hl7.org/fhir/StructureDefinition/implementationguide-page"><valueUri value="QuestionnaireResponse-PROMSExample.html"/></extension><reference><reference value="QuestionnaireResponse/PROMSExample"/></reference><name value="PROMs Questionnaire example responses"/><description value="Example as part of an answer to the PROMs questionnaire."/><exampleCanonical value="https://www.napkon.de/fhir/StructureDefinition/geccoplus-proms-response"/><groupingId value="-ex-example"/></resource><resource><extension url="http://hl7.org/fhir/StructureDefinition/implementationguide-page"><valueUri value="Questionnaire-PROMsQuestionnaire.html"/></extension><reference><reference value="Questionnaire/PROMsQuestionnaire"/></reference><name value="PROMs Questionnaire"/><description value="PROMs questionnaire in the context of GECCO+"/><exampleBoolean value="false"/><groupingId value="-str-questionnaire"/></resource><resource><extension url="http://hl7.org/fhir/StructureDefinition/implementationguide-page"><valueUri value="Condition-SymptomConfirmed.html"/></extension><reference><reference value="Condition/SymptomConfirmed"/></reference><name value="Instance of profile symptoms in the context of geccoplus"/><description value="Example of symptoms with snomed coding"/><exampleCanonical value="https://www.napkon.de/fhir/StructureDefinition/geccoplus-symptoms"/><groupingId value="-ex-example"/></resource><resource><extension url="http://hl7.org/fhir/StructureDefinition/implementationguide-page"><valueUri value="Condition-SymptomRefuted.html"/></extension><reference><reference value="Condition/SymptomRefuted"/></reference><name value="Instance of profile symptoms in the context of geccoplus"/><description value="Example of symptoms with snomed coding"/><exampleCanonical value="https://www.napkon.de/fhir/StructureDefinition/geccoplus-symptoms"/><groupingId value="-ex-example"/></resource><resource><extension url="http://hl7.org/fhir/StructureDefinition/implementationguide-page"><valueUri value="Condition-SymptomUnknown.html"/></extension><reference><reference value="Condition/SymptomUnknown"/></reference><name value="Instance of profile symptoms in the context of geccoplus"/><description value="Example of symptoms with snomed coding"/><exampleCanonical value="https://www.napkon.de/fhir/StructureDefinition/geccoplus-symptoms"/><groupingId value="-ex-example"/></resource><resource><extension url="http://hl7.org/fhir/StructureDefinition/implementationguide-page"><valueUri value="Observation-UrineDiagnosticsNitriteExample.html"/></extension><reference><reference value="Observation/UrineDiagnosticsNitriteExample"/></reference><name value="Urine Diagnostics Example"/><description value="Confirmed presence of nitrite in urine"/><exampleCanonical value="https://www.napkon.de/fhir/StructureDefinition/geccoplus-urine-diagnostics"/><groupingId value="-ex-example"/></resource><resource><extension url="http://hl7.org/fhir/StructureDefinition/implementationguide-page"><valueUri value="Observation-UrineDiagnosticsNoKetonesExample.html"/></extension><reference><reference value="Observation/UrineDiagnosticsNoKetonesExample"/></reference><name value="Urine Diagnostics No Ketones Example"/><description value="Confirmed absence of ketones in urine"/><exampleCanonical value="https://www.napkon.de/fhir/StructureDefinition/geccoplus-urine-diagnostics"/><groupingId value="-ex-example"/></resource><resource><extension url="http://hl7.org/fhir/StructureDefinition/implementationguide-page"><valueUri value="Observation-UrineSpecificGravityExample.html"/></extension><reference><reference value="Observation/UrineSpecificGravityExample"/></reference><name value="Urine Specific Gravity Example"/><description value="Example of a specific gravity of urine"/><exampleCanonical value="https://www.napkon.de/fhir/StructureDefinition/geccoplus-urine-specific-gravity"/><groupingId value="-ex-example"/></resource><resource><extension url="http://hl7.org/fhir/StructureDefinition/implementationguide-page"><valueUri value="Observation-UrobilinogenNormal.html"/></extension><reference><reference value="Observation/UrobilinogenNormal"/></reference><name value="Urobilinogen Normal"/><description value="Example of a normal urine urobilinogen observation"/><exampleCanonical value="https://www.napkon.de/fhir/StructureDefinition/geccoplus-urine-urobilinogen"/><groupingId value="-ex-example"/></resource><resource><extension url="http://hl7.org/fhir/StructureDefinition/implementationguide-page"><valueUri value="Observation-UrobilinogenPathologic.html"/></extension><reference><reference value="Observation/UrobilinogenPathologic"/></reference><name value="Urobilinogen Pathologic"/><description value="Example of a pathologic urine urobilinogen observation"/><exampleCanonical value="https://www.napkon.de/fhir/StructureDefinition/geccoplus-urine-urobilinogen"/><groupingId value="-ex-example"/></resource><resource><extension url="http://hl7.org/fhir/StructureDefinition/implementationguide-page"><valueUri value="Condition-instance-allergies-confirmed.html"/></extension><reference><reference value="Condition/instance-allergies-confirmed"/></reference><name value="Instance of profile allergies with expression -confirmed- in the context of geccoplus."/><description value="Example of allergies with snomed coding"/><exampleCanonical value="https://www.napkon.de/fhir/StructureDefinition/geccoplus-allergy"/><groupingId value="-ex-example"/></resource><resource><extension url="http://hl7.org/fhir/StructureDefinition/implementationguide-page"><valueUri value="Condition-instance-allergies-refuted.html"/></extension><reference><reference value="Condition/instance-allergies-refuted"/></reference><name value="Instance of profile allergies with expression -refuted- in the context of geccoplus."/><description value="Example of allergies with snomed coding"/><exampleCanonical value="https://www.napkon.de/fhir/StructureDefinition/geccoplus-allergy"/><groupingId value="-ex-example"/></resource><resource><extension url="http://hl7.org/fhir/StructureDefinition/implementationguide-page"><valueUri value="Condition-instance-allergies-unknown.html"/></extension><reference><reference value="Condition/instance-allergies-unknown"/></reference><name value="Instance of profile allergies with expression -unknown- in the context of geccoplus."/><description value="Example of allergies with snomed coding"/><exampleCanonical value="https://www.napkon.de/fhir/StructureDefinition/geccoplus-allergy"/><groupingId value="-ex-example"/></resource><page><nameUrl value="toc.html"/><title value="Table of Contents"/><generation value="html"/><page><nameUrl value="index.html"/><title value="NAPKON GECCO+"/><generation value="markdown"/></page><page><nameUrl value="profiles.html"/><title value="Profiles"/><generation value="markdown"/></page><page><nameUrl value="codesystems.html"/><title value="Code Systems"/><generation value="markdown"/></page><page><nameUrl value="valuesets.html"/><title value="Value Sets"/><generation value="markdown"/></page><page><nameUrl value="extensions.html"/><title value="Extensions"/><generation value="markdown"/></page><page><nameUrl value="examples.html"/><title value="Examples"/><generation value="markdown"/></page><page><nameUrl value="downloads.html"/><title value="Downloads"/><generation value="html"/></page><page><nameUrl value="changelog.html"/><title value="Change Log"/><generation value="markdown"/></page><page><nameUrl value="artifacts.html"/><title value="Artifacts"/><generation value="html"/><page><nameUrl value="cardio-investigation.html"/><title value="Electrocardiography"/><generation value="markdown"/></page><page><nameUrl value="gecco-heart-rate.html"/><title value="Heart Rate"/><generation value="markdown"/></page><page><nameUrl value="cardio-av-block.html"/><title value="Atrioventricular Block"/><generation value="markdown"/></page><page><nameUrl value="cardio-bundle-branch-block.html"/><title value="Bundle Branch Block"/><generation value="markdown"/></page><page><nameUrl value="cardio-left-ventricular-ejection-fraction.html"/><title value="Left Ventricular Ejection Fraction"/><generation value="markdown"/></page><page><nameUrl value="cardio-echocardiography-findings.html"/><title value="Echocardiography Findings"/><generation value="markdown"/></page><page><nameUrl value="mii-laboratory.html"/><title value="Laboratory Diagnostics"/><generation value="markdown"/></page><page><nameUrl value="Questionnaire-Eq5dQuestionaire.html"/><title value="EQ-5D Questionnaire"/><generation value="generated"/></page><page><nameUrl value="Questionnaire-PROMsQuestionnaire.html"/><title value="PROMs Questionnaire"/><generation value="generated"/></page><page><nameUrl value="StructureDefinition-geccoplus-allergy.html"/><title value="Allergies"/><generation value="generated"/></page><page><nameUrl value="StructureDefinition-geccoplus-eq5d-response.html"/><title value="EQ5D Questionnaire Response"/><generation value="generated"/></page><page><nameUrl value="StructureDefinition-geccoplus-highest-school-degree.html"/><title value="Highest school degree"/><generation value="generated"/></page><page><nameUrl value="StructureDefinition-geccoplus-proms-response.html"/><title value="PROMS Response"/><generation value="generated"/></page><page><nameUrl value="StructureDefinition-geccoplus-symptoms.html"/><title value="Symptoms"/><generation value="generated"/></page><page><nameUrl value="StructureDefinition-geccoplus-urine-diagnostics.html"/><title value="Urine Diagnostics"/><generation value="generated"/></page><page><nameUrl value="StructureDefinition-geccoplus-urine-specific-gravity.html"/><title value="Urine Specific Gravity"/><generation value="generated"/></page><page><nameUrl value="StructureDefinition-geccoplus-urine-urobilinogen.html"/><title value="Urine Urobilinogen"/><generation value="generated"/></page><page><nameUrl value="ValueSet-geccoplus-allergies-icd.html"/><title value="Allergies (ICD-10-GM)"/><generation value="generated"/></page><page><nameUrl value="ValueSet-geccoplus-allergies-sct.html"/><title value="Allergies (SNOMED CT)"/><generation value="generated"/></page><page><nameUrl value="ValueSet-detected-not-detected-unknown-undetermined.html"/><title value="Detected Not Detected Unknown Undetermined"/><generation value="generated"/></page><page><nameUrl value="ValueSet-geccoplus-eq5d-s1-responses.html"/><title value="EQ5D section one answers"/><generation value="generated"/></page><page><nameUrl value="ValueSet-geccoplus-eq5d-s2-responses.html"/><title value="EQ5D section two answers"/><generation value="generated"/></page><page><nameUrl value="ValueSet-geccoplus-eq5d-s3-responses.html"/><title value="EQ5D section three answers"/><generation value="generated"/></page><page><nameUrl value="ValueSet-geccoplus-eq5d-s4-responses.html"/><title value="EQ5D section four answers"/><generation value="generated"/></page><page><nameUrl value="ValueSet-geccoplus-eq5d-s5-responses.html"/><title value="EQ5D section five answers"/><generation value="generated"/></page><page><nameUrl value="ValueSet-geccoplus-laboratory-diagnostics.html"/><title value="Laboratory Diagnostics"/><generation value="generated"/></page><page><nameUrl value="ValueSet-geccoplus-normal-pathologic.html"/><title value="Normal Pathologic"/><generation value="generated"/></page><page><nameUrl value="ValueSet-geccoplus-proms-responses.html"/><title value="PROM responses in the context of GECCOplus"/><generation value="generated"/></page><page><nameUrl value="ValueSet-geccoplus-positive-negative.html"/><title value="Positive Negative Codes"/><generation value="generated"/></page><page><nameUrl value="ValueSet-present-not-present-undetermined-other.html"/><title value="Present Not Present Undetermined Other"/><generation value="generated"/></page><page><nameUrl value="ValueSet-restricted-event-status.html"/><title value="RestrictedEventStatus"/><generation value="generated"/></page><page><nameUrl value="ValueSet-geccoplus-school-degree.html"/><title value="School Degree"/><generation value="generated"/></page><page><nameUrl value="ValueSet-geccoplus-symptoms-icd.html"/><title value="Symptoms (ICD-10-GM)"/><generation value="generated"/></page><page><nameUrl value="ValueSet-geccoplus-symptoms-sct.html"/><title value="Symptoms (SNOMED CT)"/><generation value="generated"/></page><page><nameUrl value="ValueSet-urine-diagnostics.html"/><title value="Urine Diagnostics"/><generation value="generated"/></page><page><nameUrl value="ValueSet-urine-specific-gravity.html"/><title value="Urine Specific Gravity"/><generation value="generated"/></page><page><nameUrl value="ValueSet-urobilinogen-diagnostics.html"/><title value="Urobilinogen Diagnostics"/><generation value="generated"/></page><page><nameUrl value="ValueSet-yes-no-unknown.html"/><title value="Yes No Unknown"/><generation value="generated"/></page><page><nameUrl value="CodeSystem-geccoplus-codesystem.html"/><title value="GECCOplus Module Codes"/><generation value="generated"/></page><page><nameUrl value="QuestionnaireResponse-EQ5DResponse.html"/><title value="Example responses to EQ-5D questionnaire"/><generation value="generated"/></page><page><nameUrl value="Patient-ExamplePatient.html"/><title value="ExamplePatient"/><generation value="generated"/></page><page><nameUrl value="Observation-HighestSchoolDegreeExample.html"/><title value="Highest School Degree Example"/><generation value="generated"/></page><page><nameUrl value="QuestionnaireResponse-PROMSExample.html"/><title value="PROMs Questionnaire example responses"/><generation value="generated"/></page><page><nameUrl value="Condition-SymptomConfirmed.html"/><title value="Instance of profile symptoms in the context of geccoplus"/><generation value="generated"/></page><page><nameUrl value="Condition-SymptomRefuted.html"/><title value="Instance of profile symptoms in the context of geccoplus"/><generation value="generated"/></page><page><nameUrl value="Condition-SymptomUnknown.html"/><title value="Instance of profile symptoms in the context of geccoplus"/><generation value="generated"/></page><page><nameUrl value="Observation-UrineDiagnosticsNitriteExample.html"/><title value="Urine Diagnostics Example"/><generation value="generated"/></page><page><nameUrl value="Observation-UrineDiagnosticsNoKetonesExample.html"/><title value="Urine Diagnostics No Ketones Example"/><generation value="generated"/></page><page><nameUrl value="Observation-UrineSpecificGravityExample.html"/><title value="Urine Specific Gravity Example"/><generation value="generated"/></page><page><nameUrl value="Observation-UrobilinogenNormal.html"/><title value="Urobilinogen Normal"/><generation value="generated"/></page><page><nameUrl value="Observation-UrobilinogenPathologic.html"/><title value="Urobilinogen Pathologic"/><generation value="generated"/></page><page><nameUrl value="Condition-instance-allergies-confirmed.html"/><title value="Instance of profile allergies with expression -confirmed- in the context of geccoplus."/><generation value="generated"/></page><page><nameUrl value="Condition-instance-allergies-refuted.html"/><title value="Instance of profile allergies with expression -refuted- in the context of geccoplus."/><generation value="generated"/></page><page><nameUrl value="Condition-instance-allergies-unknown.html"/><title value="Instance of profile allergies with expression -unknown- in the context of geccoplus."/><generation value="generated"/></page></page></page><parameter><code value="path-resource"/><value value="input/capabilities"/></parameter><parameter><code value="path-resource"/><value value="input/examples"/></parameter><parameter><code value="path-resource"/><value value="input/extensions"/></parameter><parameter><code value="path-resource"/><value value="input/models"/></parameter><parameter><code value="path-resource"/><value value="input/operations"/></parameter><parameter><code value="path-resource"/><value value="input/profiles"/></parameter><parameter><code value="path-resource"/><value value="input/resources"/></parameter><parameter><code value="path-resource"/><value value="input/vocabulary"/></parameter><parameter><code value="path-resource"/><value value="input/maps"/></parameter><parameter><code value="path-resource"/><value value="input/testing"/></parameter><parameter><code value="path-resource"/><value value="input/history"/></parameter><parameter><code value="path-resource"/><value value="fsh-generated/resources"/></parameter><parameter><code value="path-pages"/><value value="template/config"/></parameter><parameter><code value="path-pages"/><value value="input/images"/></parameter><parameter><code value="path-tx-cache"/><value value="input-cache/txcache"/></parameter></definition></ImplementationGuide>