<?xml version="1.0" encoding="UTF-8"?><ValueSet xmlns="http://hl7.org/fhir"><id value="geccoplus-normal-pathologic"/><text><status value="generated"/><div xmlns="http://www.w3.org/1999/xhtml"><ul><li>Include these codes as defined in <a href="http://www.snomed.org/"><code>http://snomed.info/sct</code></a><table class="none"><tr><td style="white-space:nowrap"><b>Code</b></td><td><b>Display</b></td></tr><tr><td><a href="http://browser.ihtsdotools.org/?perspective=full&amp;conceptId1=29458008">29458008</a></td><td>Pathologic (qualifier value)</td></tr><tr><td><a href="http://browser.ihtsdotools.org/?perspective=full&amp;conceptId1=17621005">17621005</a></td><td>Normal (qualifier value)</td></tr></table></li></ul></div></text><url value="https://www.napkon.de/fhir/ValueSet/geccoplus-normal-pathologic"/><version value="1.0.0"/><name value="NormalPathologic"/><title value="Normal Pathologic"/><status value="active"/><date value="2021-12-01"/><publisher value="Charité - Universitätsmedizin Berlin"/><contact><telecom><system value="url"/><value value="https://www.bihealth.org/en/research/core-facilities/interoperability/"/></telecom></contact><description value="Normal Pathologic"/><compose><include><system value="http://snomed.info/sct"/><concept><code value="29458008"/><display value="Pathologic (qualifier value)"/></concept><concept><code value="17621005"/><display value="Normal (qualifier value)"/></concept></include></compose></ValueSet>