<?xml version="1.0" encoding="UTF-8"?><ValueSet xmlns="http://hl7.org/fhir"><id value="geccoplus-eq5d-s1-responses"/><text><status value="generated"/><div xmlns="http://www.w3.org/1999/xhtml"><ul><li>Include these codes as defined in <a href="CodeSystem-geccoplus-codesystem.html"><code>https://www.napkon.de/fhir/CodeSystem/geccoplus-codesystem</code></a><table class="none"><tr><td style="white-space:nowrap"><b>Code</b></td><td><b>Display</b></td></tr><tr><td><a href="CodeSystem-geccoplus-codesystem.html#geccoplus-codesystem-11">11</a></td><td>I have no problems in walking about.</td></tr><tr><td><a href="CodeSystem-geccoplus-codesystem.html#geccoplus-codesystem-12">12</a></td><td>I have slight problems in walking about.</td></tr><tr><td><a href="CodeSystem-geccoplus-codesystem.html#geccoplus-codesystem-13">13</a></td><td>I have moderate problems in walking about.</td></tr><tr><td><a href="CodeSystem-geccoplus-codesystem.html#geccoplus-codesystem-14">14</a></td><td>I have severe problems in walking about.</td></tr><tr><td><a href="CodeSystem-geccoplus-codesystem.html#geccoplus-codesystem-15">15</a></td><td>I am unable to walk about.</td></tr><tr><td><a href="CodeSystem-geccoplus-codesystem.html#geccoplus-codesystem-16">16</a></td><td>No information available.</td></tr></table></li></ul></div></text><url value="https://www.napkon.de/fhir/ValueSet/geccoplus-eq5d-s1-responses"/><version value="0.1.0"/><name value="EQ5DS1Responses"/><title value="EQ5D section one answers"/><status value="active"/><date value="2021-12-17T11:18:04+00:00"/><publisher value="Charité - Universitätsmedizin Berlin"/><contact><name value="Charité - Universitätsmedizin Berlin"/><telecom><system value="url"/><value value="https://www.netzwerk-universitaetsmedizin.de"/></telecom></contact><description value="EQ5D section one (agility and mobility) answers"/><compose><include><system value="https://www.napkon.de/fhir/CodeSystem/geccoplus-codesystem"/><concept><code value="11"/><display value="I have no problems in walking about."/></concept><concept><code value="12"/><display value="I have slight problems in walking about."/></concept><concept><code value="13"/><display value="I have moderate problems in walking about."/></concept><concept><code value="14"/><display value="I have severe problems in walking about."/></concept><concept><code value="15"/><display value="I am unable to walk about."/></concept><concept><code value="16"/><display value="No information available."/></concept></include></compose></ValueSet>