<?xml version="1.0" encoding="UTF-8"?><ValueSet xmlns="http://hl7.org/fhir"><id value="geccoplus-allergies-sct"/><text><status value="generated"/><div xmlns="http://www.w3.org/1999/xhtml"><ul><li>Include these codes as defined in <a href="http://www.snomed.org/"><code>http://snomed.info/sct</code></a><table class="none"><tr><td style="white-space:nowrap"><b>Code</b></td><td><b>Display</b></td></tr><tr><td><a href="http://browser.ihtsdotools.org/?perspective=full&amp;conceptId1=300910009">300910009</a></td><td>Allergy to pollen (finding)</td></tr><tr><td><a href="http://browser.ihtsdotools.org/?perspective=full&amp;conceptId1=232349006">232349006</a></td><td>Allergy to house dust (finding)</td></tr><tr><td><a href="http://browser.ihtsdotools.org/?perspective=full&amp;conceptId1=74964007">74964007</a></td><td>Other (qualifier value)</td></tr></table></li></ul></div></text><url value="https://www.napkon.de/fhir/ValueSet/geccoplus-allergies-sct"/><version value="1.0.0"/><name value="AllergiesSCT"/><title value="Allergies (SNOMED CT)"/><status value="active"/><date value="2021-11-29"/><publisher value="Charité - Universitätsmedizin Berlin"/><contact><telecom><system value="url"/><value value="https://www.bihealth.org/en/research/core-facilities/interoperability/"/></telecom></contact><description value="Value set for allergies in the context of GECCO+ (SNOMED CT)"/><compose><include><system value="http://snomed.info/sct"/><concept><code value="300910009"/><display value="Allergy to pollen (finding)"/></concept><concept><code value="232349006"/><display value="Allergy to house dust (finding)"/></concept><concept><code value="74964007"/><display value="Other (qualifier value)"/></concept></include></compose></ValueSet>