<?xml version="1.0" encoding="UTF-8"?><ValueSet xmlns="http://hl7.org/fhir"><id value="geccoplus-eq5d-s5-responses"/><text><status value="generated"/><div xmlns="http://www.w3.org/1999/xhtml"><ul><li>Include these codes as defined in <a href="CodeSystem-geccoplus-codesystem.html"><code>https://www.napkon.de/fhir/CodeSystem/geccoplus-codesystem</code></a><table class="none"><tr><td style="white-space:nowrap"><b>Code</b></td><td><b>Display</b></td></tr><tr><td><a href="CodeSystem-geccoplus-codesystem.html#geccoplus-codesystem-51">51</a></td><td>I am not anxious or depressed.</td></tr><tr><td><a href="CodeSystem-geccoplus-codesystem.html#geccoplus-codesystem-52">52</a></td><td>I am slightly anxious or depressed.</td></tr><tr><td><a href="CodeSystem-geccoplus-codesystem.html#geccoplus-codesystem-53">53</a></td><td>I am moderately anxious or depressed.</td></tr><tr><td><a href="CodeSystem-geccoplus-codesystem.html#geccoplus-codesystem-54">54</a></td><td>I am severely anxious or depressed.</td></tr><tr><td><a href="CodeSystem-geccoplus-codesystem.html#geccoplus-codesystem-55">55</a></td><td>I am extremely anxious or depressed.</td></tr><tr><td><a href="CodeSystem-geccoplus-codesystem.html#geccoplus-codesystem-56">56</a></td><td>No information available.</td></tr></table></li></ul></div></text><url value="https://www.napkon.de/fhir/ValueSet/geccoplus-eq5d-s5-responses"/><version value="1.0.0"/><name value="EQ5DS5Responses"/><title value="EQ5D section five answers"/><status value="active"/><date value="2021-12-17T13:44:29+00:00"/><description value="EQ5D section five (anxiety and depression) answers"/><compose><include><system value="https://www.napkon.de/fhir/CodeSystem/geccoplus-codesystem"/><concept><code value="51"/><display value="I am not anxious or depressed."/></concept><concept><code value="52"/><display value="I am slightly anxious or depressed."/></concept><concept><code value="53"/><display value="I am moderately anxious or depressed."/></concept><concept><code value="54"/><display value="I am severely anxious or depressed."/></concept><concept><code value="55"/><display value="I am extremely anxious or depressed."/></concept><concept><code value="56"/><display value="No information available."/></concept></include></compose></ValueSet>