<?xml version="1.0" encoding="UTF-8"?><ValueSet xmlns="http://hl7.org/fhir"><id value="geccoplus-laboratory-diagnostics"/><text><status value="generated"/><div xmlns="http://www.w3.org/1999/xhtml"><ul><li>Include these codes as defined in <a href="http://loinc.org"><code>http://loinc.org</code></a><table class="none"><tr><td style="white-space:nowrap"><b>Code</b></td><td><b>Display</b></td></tr><tr><td><a href="http://details.loinc.org/LOINC/70218-3.html">70218-3</a></td><td>Triglyceride [Moles/volume] in Blood</td></tr><tr><td><a href="http://details.loinc.org/LOINC/59572-8.html">59572-8</a></td><td>Triglyceride [Moles/volume] in Urine</td></tr><tr><td><a href="http://details.loinc.org/LOINC/3043-7.html">3043-7</a></td><td>Triglyceride [Mass/volume] in Blood</td></tr><tr><td><a href="http://details.loinc.org/LOINC/14450-1.html">14450-1</a></td><td>Triglyceride [Mass/volume] in Urine</td></tr><tr><td><a href="http://details.loinc.org/LOINC/3040-3.html">3040-3</a></td><td>Lipase [Enzymatic activity/volume] in Serum or Plasma</td></tr><tr><td><a href="http://details.loinc.org/LOINC/10888-6.html">10888-6</a></td><td>Lipase [Enzymatic activity/volume] in Urine</td></tr><tr><td><a href="http://details.loinc.org/LOINC/15212-4.html">15212-4</a></td><td>Lipase [Enzymatic activity/volume] in Body fluid</td></tr><tr><td><a href="http://details.loinc.org/LOINC/25992-9.html">25992-9</a></td><td>Lipase [Enzymatic activity/volume] in 24 hour Urine</td></tr><tr><td><a href="http://details.loinc.org/LOINC/2951-2.html">2951-2</a></td><td>Sodium [Moles/volume] in Serum or Plasma</td></tr><tr><td><a href="http://details.loinc.org/LOINC/39791-9.html">39791-9</a></td><td>Sodium [Moles/volume] in Venous blood</td></tr><tr><td><a href="http://details.loinc.org/LOINC/32717-1.html">32717-1</a></td><td>Sodium [Moles/volume] in Arterial blood</td></tr><tr><td><a href="http://details.loinc.org/LOINC/2947-0.html">2947-0</a></td><td>Sodium [Moles/volume] in Blood</td></tr><tr><td><a href="http://details.loinc.org/LOINC/2955-3.html">2955-3</a></td><td>Sodium [Moles/volume] in Urine</td></tr><tr><td><a href="http://details.loinc.org/LOINC/72903-8.html">72903-8</a></td><td>Urea [Moles/volume] in Blood</td></tr><tr><td><a href="http://details.loinc.org/LOINC/22700-9.html">22700-9</a></td><td>Urea [Moles/volume] in Urine</td></tr><tr><td><a href="http://details.loinc.org/LOINC/20977-5.html">20977-5</a></td><td>Urea [Mass/volume] in Blood</td></tr><tr><td><a href="http://details.loinc.org/LOINC/3092-4.html">3092-4</a></td><td>Urea [Mass/volume] in Urine</td></tr><tr><td><a href="http://details.loinc.org/LOINC/75940-7.html">75940-7</a></td><td>Potassium [Mass/volume] in Blood</td></tr><tr><td><a href="http://details.loinc.org/LOINC/87454-5.html">87454-5</a></td><td>Potassium [Mass/volume] in Specimen</td></tr><tr><td><a href="http://details.loinc.org/LOINC/6298-4.html">6298-4</a></td><td>Potassium [Moles/volume] in Blood</td></tr><tr><td><a href="http://details.loinc.org/LOINC/2828-2.html">2828-2</a></td><td>Potassium [Moles/volume] in Urine</td></tr><tr><td><a href="http://details.loinc.org/LOINC/32713-0.html">32713-0</a></td><td>Potassium [Moles/volume] in Arterial blood</td></tr><tr><td><a href="http://details.loinc.org/LOINC/39790-1.html">39790-1</a></td><td>Potassium [Moles/volume] in Capillary blood</td></tr><tr><td><a href="http://details.loinc.org/LOINC/39789-3.html">39789-3</a></td><td>Potassium [Moles/volume] in Venous blood</td></tr><tr><td><a href="http://details.loinc.org/LOINC/2823-3.html">2823-3</a></td><td>Potassium [Moles/volume] in Serum or Plasma</td></tr><tr><td><a href="http://details.loinc.org/LOINC/2821-7.html">2821-7</a></td><td>Potassium [Moles/volume] in Body fluid</td></tr><tr><td><a href="http://details.loinc.org/LOINC/32673-6.html">32673-6</a></td><td>Creatine kinase.MB [Enzymatic activity/volume] in Serum or Plasma</td></tr><tr><td><a href="http://details.loinc.org/LOINC/51506-4.html">51506-4</a></td><td>Creatine kinase.MB [Enzymatic activity/volume] in Cerebral spinal fluid by Electrophoresis</td></tr><tr><td><a href="http://details.loinc.org/LOINC/2154-3.html">2154-3</a></td><td>Creatine kinase.MB [Enzymatic activity/volume] in Serum or Plasma by Electrophoresis</td></tr><tr><td><a href="http://details.loinc.org/LOINC/54370-2.html">54370-2</a></td><td>Chloride [Mass/volume] in Body fluid</td></tr><tr><td><a href="http://details.loinc.org/LOINC/2078-4.html">2078-4</a></td><td>Chloride [Moles/volume] in Urine</td></tr><tr><td><a href="http://details.loinc.org/LOINC/2069-3.html">2069-3</a></td><td>Chloride [Moles/volume] in Blood</td></tr><tr><td><a href="http://details.loinc.org/LOINC/32307-1.html">32307-1</a></td><td>Chloride [Moles/volume] in Specimen</td></tr><tr><td><a href="http://details.loinc.org/LOINC/41650-3.html">41650-3</a></td><td>Chloride [Moles/volume] in Arterial blood</td></tr><tr><td><a href="http://details.loinc.org/LOINC/41649-5.html">41649-5</a></td><td>Chloride [Moles/volume] in Venous blood</td></tr><tr><td><a href="http://details.loinc.org/LOINC/2075-0.html">2075-0</a></td><td>Chloride [Moles/volume] in Serum or Plasma</td></tr><tr><td><a href="http://details.loinc.org/LOINC/42908-4.html">42908-4</a></td><td>Hematocrit [Volume Fraction] of Capillary blood</td></tr><tr><td><a href="http://details.loinc.org/LOINC/41654-5.html">41654-5</a></td><td>Hematocrit [Volume Fraction] of Venous blood</td></tr><tr><td><a href="http://details.loinc.org/LOINC/32354-3.html">32354-3</a></td><td>Hematocrit [Volume Fraction] of Arterial blood</td></tr><tr><td><a href="http://details.loinc.org/LOINC/17809-5.html">17809-5</a></td><td>Hematocrit [Volume Fraction] of Urine</td></tr><tr><td><a href="http://details.loinc.org/LOINC/20570-8.html">20570-8</a></td><td>Hematocrit [Volume Fraction] of Blood</td></tr><tr><td><a href="http://details.loinc.org/LOINC/27298-9.html">27298-9</a></td><td>Protein [Units/volume] in Urine</td></tr><tr><td><a href="http://details.loinc.org/LOINC/21482-5.html">21482-5</a></td><td>Protein [Mass/volume] in 24 hour Urine</td></tr><tr><td><a href="http://details.loinc.org/LOINC/2881-1.html">2881-1</a></td><td>Protein [Mass/volume] in Body fluid</td></tr><tr><td><a href="http://details.loinc.org/LOINC/2880-3.html">2880-3</a></td><td>Protein [Mass/volume] in Cerebral spinal fluid</td></tr><tr><td><a href="http://details.loinc.org/LOINC/2885-2.html">2885-2</a></td><td>Protein [Mass/volume] in Serum or Plasma</td></tr><tr><td><a href="http://details.loinc.org/LOINC/2888-6.html">2888-6</a></td><td>Protein [Mass/volume] in Urine</td></tr><tr><td><a href="http://details.loinc.org/LOINC/5804-0.html">5804-0</a></td><td>Protein [Mass/volume] in Urine by Test strip</td></tr><tr><td><a href="http://details.loinc.org/LOINC/50561-0.html">50561-0</a></td><td>Protein [Mass/volume] in Urine by Automated test strip</td></tr><tr><td><a href="http://details.loinc.org/LOINC/2889-4.html">2889-4</a></td><td>Protein [Mass/time] in 24 hour Urine</td></tr><tr><td><a href="http://details.loinc.org/LOINC/2151-9.html">2151-9</a></td><td>Creatine kinase [Enzymatic activity/volume] in Cerebral spinal fluid</td></tr><tr><td><a href="http://details.loinc.org/LOINC/2157-6.html">2157-6</a></td><td>Creatine kinase [Enzymatic activity/volume] in Serum or Plasma</td></tr><tr><td><a href="http://details.loinc.org/LOINC/16688-4.html">16688-4</a></td><td>Creatine kinase [Enzymatic activity/volume] in Body fluid</td></tr><tr><td><a href="http://details.loinc.org/LOINC/1746-7.html">1746-7</a></td><td>Albumin [Mass/volume] in Cerebral spinal fluid</td></tr><tr><td><a href="http://details.loinc.org/LOINC/1754-1.html">1754-1</a></td><td>Albumin [Mass/volume] in Urine</td></tr><tr><td><a href="http://details.loinc.org/LOINC/1751-7.html">1751-7</a></td><td>Albumin [Mass/volume] in Serum or Plasma</td></tr><tr><td><a href="http://details.loinc.org/LOINC/1747-5.html">1747-5</a></td><td>Albumin [Mass/volume] in Body fluid</td></tr><tr><td><a href="http://details.loinc.org/LOINC/54347-0.html">54347-0</a></td><td>Albumin [Moles/volume] in Serum or Plasma</td></tr><tr><td><a href="http://details.loinc.org/LOINC/76480-3.html">76480-3</a></td><td>Albumin [Moles/volume] in Cerebral spinal fluid</td></tr><tr><td><a href="http://details.loinc.org/LOINC/2089-1.html">2089-1</a></td><td>Cholesterol in LDL [Mass/volume] in Serum or Plasma</td></tr><tr><td><a href="http://details.loinc.org/LOINC/13457-7.html">13457-7</a></td><td>Cholesterol in LDL [Mass/volume] in Serum or Plasma by calculation</td></tr><tr><td><a href="http://details.loinc.org/LOINC/22748-8.html">22748-8</a></td><td>Cholesterol in LDL [Moles/volume] in Serum or Plasma</td></tr><tr><td><a href="http://details.loinc.org/LOINC/18262-6.html">18262-6</a></td><td>Cholesterol in LDL [Mass/volume] in Serum or Plasma by Direct assay</td></tr><tr><td><a href="http://details.loinc.org/LOINC/53133-5.html">53133-5</a></td><td>Cholesterol in LDL [Moles/volume] in Body fluid</td></tr><tr><td><a href="http://details.loinc.org/LOINC/69419-0.html">69419-0</a></td><td>Cholesterol in LDL [Moles/volume] in Serum or Plasma by Direct assay</td></tr><tr><td><a href="http://details.loinc.org/LOINC/96597-0.html">96597-0</a></td><td>Cholesterol in LDL [Mass/volume] in DBS by Direct assay</td></tr><tr><td><a href="http://details.loinc.org/LOINC/39469-2.html">39469-2</a></td><td>Cholesterol in LDL [Moles/volume] in Serum or Plasma by calculation</td></tr><tr><td><a href="http://details.loinc.org/LOINC/53135-0.html">53135-0</a></td><td>Cholesterol in HDL [Moles/volume] in Dialysis fluid</td></tr><tr><td><a href="http://details.loinc.org/LOINC/96596-2.html">96596-2</a></td><td>Cholesterol in HDL [Mass/volume] in DBS</td></tr><tr><td><a href="http://details.loinc.org/LOINC/54372-8.html">54372-8</a></td><td>Cholesterol in HDL [Mass/volume] in Body fluid</td></tr><tr><td><a href="http://details.loinc.org/LOINC/2085-9.html">2085-9</a></td><td>Cholesterol in HDL [Mass/volume] in Serum or Plasma</td></tr><tr><td><a href="http://details.loinc.org/LOINC/50840-8.html">50840-8</a></td><td>Cholesterol in HDL [Moles/volume] in Body fluid</td></tr><tr><td><a href="http://details.loinc.org/LOINC/14646-4.html">14646-4</a></td><td>Cholesterol in HDL [Moles/volume] in Serum or Plasma</td></tr><tr><td><a href="http://details.loinc.org/LOINC/24467-3.html">24467-3</a></td><td>CD3+CD4+ (T4 helper) cells [#/volume] in Blood</td></tr><tr><td><a href="http://details.loinc.org/LOINC/8123-2.html">8123-2</a></td><td>CD3+CD4+ (T4 helper) cells/100 cells in Blood</td></tr><tr><td><a href="http://details.loinc.org/LOINC/14135-8.html">14135-8</a></td><td>CD3+CD8+ (T8 suppressor cells) cells [#/volume] in Blood</td></tr><tr><td><a href="http://details.loinc.org/LOINC/8101-8.html">8101-8</a></td><td>CD3+CD8+ (T8 suppressor cells) cells/100 cells in Blood</td></tr><tr><td><a href="http://details.loinc.org/LOINC/21232-4.html">21232-4</a></td><td>Creatinine [Mass/volume] in Arterial blood</td></tr><tr><td><a href="http://details.loinc.org/LOINC/38483-4.html">38483-4</a></td><td>Creatinine [Mass/volume] in Blood</td></tr><tr><td><a href="http://details.loinc.org/LOINC/59826-8.html">59826-8</a></td><td>Creatinine [Moles/volume] in Blood</td></tr><tr><td><a href="http://details.loinc.org/LOINC/12190-5.html">12190-5</a></td><td>Creatinine [Mass/volume] in Body fluid</td></tr><tr><td><a href="http://details.loinc.org/LOINC/25386-4.html">25386-4</a></td><td>Creatinine [Moles/volume] in Body fluid</td></tr><tr><td><a href="http://details.loinc.org/LOINC/2160-0.html">2160-0</a></td><td>Creatinine [Mass/volume] in Serum or Plasma</td></tr><tr><td><a href="http://details.loinc.org/LOINC/14682-9.html">14682-9</a></td><td>Creatinine [Moles/volume] in Serum or Plasma</td></tr><tr><td><a href="http://details.loinc.org/LOINC/24519-1.html">24519-1</a></td><td>Phosphate [Moles/volume] in Blood</td></tr><tr><td><a href="http://details.loinc.org/LOINC/13539-2.html">13539-2</a></td><td>Phosphate [Moles/volume] in Urine</td></tr><tr><td><a href="http://details.loinc.org/LOINC/2774-8.html">2774-8</a></td><td>Phosphate [Mass/volume] in Blood</td></tr><tr><td><a href="http://details.loinc.org/LOINC/2778-9.html">2778-9</a></td><td>Phosphate [Mass/volume] in Urine</td></tr><tr><td><a href="http://details.loinc.org/LOINC/2777-1.html">2777-1</a></td><td>Phosphate [Mass/volume] in Serum or Plasma</td></tr><tr><td><a href="http://details.loinc.org/LOINC/14879-1.html">14879-1</a></td><td>Phosphate [Moles/volume] in Serum or Plasma</td></tr><tr><td><a href="http://details.loinc.org/LOINC/25501-8.html">25501-8</a></td><td>Phosphate [Moles/volume] in Body fluid</td></tr><tr><td><a href="http://details.loinc.org/LOINC/12242-4.html">12242-4</a></td><td>Phosphate [Mass/volume] in Body fluid</td></tr><tr><td><a href="http://details.loinc.org/LOINC/2339-0.html">2339-0</a></td><td>Glucose [Mass/volume] in Blood</td></tr><tr><td><a href="http://details.loinc.org/LOINC/2350-7.html">2350-7</a></td><td>Glucose [Mass/volume] in Urine</td></tr><tr><td><a href="http://details.loinc.org/LOINC/15074-8.html">15074-8</a></td><td>Glucose [Moles/volume] in Blood</td></tr><tr><td><a href="http://details.loinc.org/LOINC/3015-5.html">3015-5</a></td><td>Thyrotropin [Units/volume] in Blood</td></tr><tr><td><a href="http://details.loinc.org/LOINC/3016-3.html">3016-3</a></td><td>Thyrotropin [Units/volume] in Serum or Plasma</td></tr><tr><td><a href="http://details.loinc.org/LOINC/26998-5.html">26998-5</a></td><td>Thyrotropin [Units/volume] in Saliva (oral fluid)</td></tr><tr><td><a href="http://details.loinc.org/LOINC/41995-2.html">41995-2</a></td><td>Hemoglobin A1c [Mass/volume] in Blood</td></tr><tr><td><a href="http://details.loinc.org/LOINC/49498-9.html">49498-9</a></td><td>Leukocytes [#/volume] in Blood by Estimate</td></tr><tr><td><a href="http://details.loinc.org/LOINC/6690-2.html">6690-2</a></td><td>Leukocytes [#/volume] in Blood by Automated count</td></tr><tr><td><a href="http://details.loinc.org/LOINC/804-5.html">804-5</a></td><td>Leukocytes [#/volume] in Blood by Manual count</td></tr><tr><td><a href="http://details.loinc.org/LOINC/26464-8.html">26464-8</a></td><td>Leukocytes [#/volume] in Blood</td></tr><tr><td><a href="http://details.loinc.org/LOINC/26453-1.html">26453-1</a></td><td>Erythrocytes [#/volume] in Blood</td></tr><tr><td><a href="http://details.loinc.org/LOINC/789-8.html">789-8</a></td><td>Erythrocytes [#/volume] in Blood by Automated count</td></tr><tr><td><a href="http://details.loinc.org/LOINC/790-6.html">790-6</a></td><td>Erythrocytes [#/volume] in Blood by Manual count</td></tr></table></li></ul></div></text><url value="https://www.napkon.de/fhir/ValueSet/geccoplus-laboratory-diagnostics"/><version value="1.0.0"/><name value="LaboratoryDiagnostics"/><title value="Laboratory Diagnostics"/><status value="active"/><date value="2021-12-01"/><publisher value="Charité - Universitätsmedizin Berlin"/><contact><telecom><system value="url"/><value value="https://www.bihealth.org/en/research/core-facilities/interoperability/"/></telecom></contact><description value="Laboratory diagnostics in the context of NAPKON GECCO+ module"/><compose><include><system value="http://loinc.org"/><concept><code value="70218-3"/><display value="Triglyceride [Moles/volume] in Blood"/></concept><concept><code value="59572-8"/><display value="Triglyceride [Moles/volume] in Urine"/></concept><concept><code value="3043-7"/><display value="Triglyceride [Mass/volume] in Blood"/></concept><concept><code value="14450-1"/><display value="Triglyceride [Mass/volume] in Urine"/></concept><concept><code value="3040-3"/><display value="Lipase [Enzymatic activity/volume] in Serum or Plasma"/></concept><concept><code value="10888-6"/><display value="Lipase [Enzymatic activity/volume] in Urine"/></concept><concept><code value="15212-4"/><display value="Lipase [Enzymatic activity/volume] in Body fluid"/></concept><concept><code value="25992-9"/><display value="Lipase [Enzymatic activity/volume] in 24 hour Urine"/></concept><concept><code value="2951-2"/><display value="Sodium [Moles/volume] in Serum or Plasma"/></concept><concept><code value="39791-9"/><display value="Sodium [Moles/volume] in Venous blood"/></concept><concept><code value="32717-1"/><display value="Sodium [Moles/volume] in Arterial blood"/></concept><concept><code value="2947-0"/><display value="Sodium [Moles/volume] in Blood"/></concept><concept><code value="2955-3"/><display value="Sodium [Moles/volume] in Urine"/></concept><concept><code value="72903-8"/><display value="Urea [Moles/volume] in Blood"/></concept><concept><code value="22700-9"/><display value="Urea [Moles/volume] in Urine"/></concept><concept><code value="20977-5"/><display value="Urea [Mass/volume] in Blood"/></concept><concept><code value="3092-4"/><display value="Urea [Mass/volume] in Urine"/></concept><concept><code value="75940-7"/><display value="Potassium [Mass/volume] in Blood"/></concept><concept><code value="87454-5"/><display value="Potassium [Mass/volume] in Specimen"/></concept><concept><code value="6298-4"/><display value="Potassium [Moles/volume] in Blood"/></concept><concept><code value="2828-2"/><display value="Potassium [Moles/volume] in Urine"/></concept><concept><code value="32713-0"/><display value="Potassium [Moles/volume] in Arterial blood"/></concept><concept><code value="39790-1"/><display value="Potassium [Moles/volume] in Capillary blood"/></concept><concept><code value="39789-3"/><display value="Potassium [Moles/volume] in Venous blood"/></concept><concept><code value="2823-3"/><display value="Potassium [Moles/volume] in Serum or Plasma"/></concept><concept><code value="2821-7"/><display value="Potassium [Moles/volume] in Body fluid"/></concept><concept><code value="32673-6"/><display value="Creatine kinase.MB [Enzymatic activity/volume] in Serum or Plasma"/></concept><concept><code value="51506-4"/><display value="Creatine kinase.MB [Enzymatic activity/volume] in Cerebral spinal fluid by Electrophoresis"/></concept><concept><code value="2154-3"/><display value="Creatine kinase.MB [Enzymatic activity/volume] in Serum or Plasma by Electrophoresis"/></concept><concept><code value="54370-2"/><display value="Chloride [Mass/volume] in Body fluid"/></concept><concept><code value="2078-4"/><display value="Chloride [Moles/volume] in Urine"/></concept><concept><code value="2069-3"/><display value="Chloride [Moles/volume] in Blood"/></concept><concept><code value="32307-1"/><display value="Chloride [Moles/volume] in Specimen"/></concept><concept><code value="41650-3"/><display value="Chloride [Moles/volume] in Arterial blood"/></concept><concept><code value="41649-5"/><display value="Chloride [Moles/volume] in Venous blood"/></concept><concept><code value="2075-0"/><display value="Chloride [Moles/volume] in Serum or Plasma"/></concept><concept><code value="42908-4"/><display value="Hematocrit [Volume Fraction] of Capillary blood"/></concept><concept><code value="41654-5"/><display value="Hematocrit [Volume Fraction] of Venous blood"/></concept><concept><code value="32354-3"/><display value="Hematocrit [Volume Fraction] of Arterial blood"/></concept><concept><code value="17809-5"/><display value="Hematocrit [Volume Fraction] of Urine"/></concept><concept><code value="20570-8"/><display value="Hematocrit [Volume Fraction] of Blood"/></concept><concept><code value="27298-9"/><display value="Protein [Units/volume] in Urine"/></concept><concept><code value="21482-5"/><display value="Protein [Mass/volume] in 24 hour Urine"/></concept><concept><code value="2881-1"/><display value="Protein [Mass/volume] in Body fluid"/></concept><concept><code value="2880-3"/><display value="Protein [Mass/volume] in Cerebral spinal fluid"/></concept><concept><code value="2885-2"/><display value="Protein [Mass/volume] in Serum or Plasma"/></concept><concept><code value="2888-6"/><display value="Protein [Mass/volume] in Urine"/></concept><concept><code value="5804-0"/><display value="Protein [Mass/volume] in Urine by Test strip"/></concept><concept><code value="50561-0"/><display value="Protein [Mass/volume] in Urine by Automated test strip"/></concept><concept><code value="2889-4"/><display value="Protein [Mass/time] in 24 hour Urine"/></concept><concept><code value="2151-9"/><display value="Creatine kinase [Enzymatic activity/volume] in Cerebral spinal fluid"/></concept><concept><code value="2157-6"/><display value="Creatine kinase [Enzymatic activity/volume] in Serum or Plasma"/></concept><concept><code value="16688-4"/><display value="Creatine kinase [Enzymatic activity/volume] in Body fluid"/></concept><concept><code value="1746-7"/><display value="Albumin [Mass/volume] in Cerebral spinal fluid"/></concept><concept><code value="1754-1"/><display value="Albumin [Mass/volume] in Urine"/></concept><concept><code value="1751-7"/><display value="Albumin [Mass/volume] in Serum or Plasma"/></concept><concept><code value="1747-5"/><display value="Albumin [Mass/volume] in Body fluid"/></concept><concept><code value="54347-0"/><display value="Albumin [Moles/volume] in Serum or Plasma"/></concept><concept><code value="76480-3"/><display value="Albumin [Moles/volume] in Cerebral spinal fluid"/></concept><concept><code value="2089-1"/><display value="Cholesterol in LDL [Mass/volume] in Serum or Plasma"/></concept><concept><code value="13457-7"/><display value="Cholesterol in LDL [Mass/volume] in Serum or Plasma by calculation"/></concept><concept><code value="22748-8"/><display value="Cholesterol in LDL [Moles/volume] in Serum or Plasma"/></concept><concept><code value="18262-6"/><display value="Cholesterol in LDL [Mass/volume] in Serum or Plasma by Direct assay"/></concept><concept><code value="53133-5"/><display value="Cholesterol in LDL [Moles/volume] in Body fluid"/></concept><concept><code value="69419-0"/><display value="Cholesterol in LDL [Moles/volume] in Serum or Plasma by Direct assay"/></concept><concept><code value="96597-0"/><display value="Cholesterol in LDL [Mass/volume] in DBS by Direct assay"/></concept><concept><code value="39469-2"/><display value="Cholesterol in LDL [Moles/volume] in Serum or Plasma by calculation"/></concept><concept><code value="53135-0"/><display value="Cholesterol in HDL [Moles/volume] in Dialysis fluid"/></concept><concept><code value="96596-2"/><display value="Cholesterol in HDL [Mass/volume] in DBS"/></concept><concept><code value="54372-8"/><display value="Cholesterol in HDL [Mass/volume] in Body fluid"/></concept><concept><code value="2085-9"/><display value="Cholesterol in HDL [Mass/volume] in Serum or Plasma"/></concept><concept><code value="50840-8"/><display value="Cholesterol in HDL [Moles/volume] in Body fluid"/></concept><concept><code value="14646-4"/><display value="Cholesterol in HDL [Moles/volume] in Serum or Plasma"/></concept><concept><code value="24467-3"/><display value="CD3+CD4+ (T4 helper) cells [#/volume] in Blood"/></concept><concept><code value="8123-2"/><display value="CD3+CD4+ (T4 helper) cells/100 cells in Blood"/></concept><concept><code value="14135-8"/><display value="CD3+CD8+ (T8 suppressor cells) cells [#/volume] in Blood"/></concept><concept><code value="8101-8"/><display value="CD3+CD8+ (T8 suppressor cells) cells/100 cells in Blood"/></concept><concept><code value="21232-4"/><display value="Creatinine [Mass/volume] in Arterial blood"/></concept><concept><code value="38483-4"/><display value="Creatinine [Mass/volume] in Blood"/></concept><concept><code value="59826-8"/><display value="Creatinine [Moles/volume] in Blood"/></concept><concept><code value="12190-5"/><display value="Creatinine [Mass/volume] in Body fluid"/></concept><concept><code value="25386-4"/><display value="Creatinine [Moles/volume] in Body fluid"/></concept><concept><code value="2160-0"/><display value="Creatinine [Mass/volume] in Serum or Plasma"/></concept><concept><code value="14682-9"/><display value="Creatinine [Moles/volume] in Serum or Plasma"/></concept><concept><code value="24519-1"/><display value="Phosphate [Moles/volume] in Blood"/></concept><concept><code value="13539-2"/><display value="Phosphate [Moles/volume] in Urine"/></concept><concept><code value="2774-8"/><display value="Phosphate [Mass/volume] in Blood"/></concept><concept><code value="2778-9"/><display value="Phosphate [Mass/volume] in Urine"/></concept><concept><code value="2777-1"/><display value="Phosphate [Mass/volume] in Serum or Plasma"/></concept><concept><code value="14879-1"/><display value="Phosphate [Moles/volume] in Serum or Plasma"/></concept><concept><code value="25501-8"/><display value="Phosphate [Moles/volume] in Body fluid"/></concept><concept><code value="12242-4"/><display value="Phosphate [Mass/volume] in Body fluid"/></concept><concept><code value="2339-0"/><display value="Glucose [Mass/volume] in Blood"/></concept><concept><code value="2350-7"/><display value="Glucose [Mass/volume] in Urine"/></concept><concept><code value="15074-8"/><display value="Glucose [Moles/volume] in Blood"/></concept><concept><code value="3015-5"/><display value="Thyrotropin [Units/volume] in Blood"/></concept><concept><code value="3016-3"/><display value="Thyrotropin [Units/volume] in Serum or Plasma"/></concept><concept><code value="26998-5"/><display value="Thyrotropin [Units/volume] in Saliva (oral fluid)"/></concept><concept><code value="41995-2"/><display value="Hemoglobin A1c [Mass/volume] in Blood"/></concept><concept><code value="49498-9"/><display value="Leukocytes [#/volume] in Blood by Estimate"/></concept><concept><code value="6690-2"/><display value="Leukocytes [#/volume] in Blood by Automated count"/></concept><concept><code value="804-5"/><display value="Leukocytes [#/volume] in Blood by Manual count"/></concept><concept><code value="26464-8"/><display value="Leukocytes [#/volume] in Blood"/></concept><concept><code value="26453-1"/><display value="Erythrocytes [#/volume] in Blood"/></concept><concept><code value="789-8"/><display value="Erythrocytes [#/volume] in Blood by Automated count"/></concept><concept><code value="790-6"/><display value="Erythrocytes [#/volume] in Blood by Manual count"/></concept></include></compose></ValueSet>