<?xml version="1.0" encoding="UTF-8"?><ValueSet xmlns="http://hl7.org/fhir"><id value="urobilinogen-diagnostics"/><text><status value="generated"/><div xmlns="http://www.w3.org/1999/xhtml"><ul><li>Include these codes as defined in <a href="http://loinc.org"><code>http://loinc.org</code></a><table class="none"><tr><td style="white-space:nowrap"><b>Code</b></td><td><b>Display</b></td></tr><tr><td><a href="http://details.loinc.org/LOINC/13658-0.html">13658-0</a></td><td>Urobilinogen [Presence] in Urine</td></tr><tr><td><a href="http://details.loinc.org/LOINC/12269-7.html">12269-7</a></td><td>Urobilinogen [Presence] in 24 hour Urine</td></tr><tr><td><a href="http://details.loinc.org/LOINC/5818-0.html">5818-0</a></td><td>Urobilinogen [Presence] in Urine by Test strip</td></tr><tr><td><a href="http://details.loinc.org/LOINC/62487-4.html">62487-4</a></td><td>Urobilinogen [Presence] in Urine by Automated test strip</td></tr></table></li></ul></div></text><url value="https://www.napkon.de/fhir/ValueSet/urobilinogen-diagnostics"/><version value="1.0.0"/><name value="UrobilinogenDiagnostics"/><title value="Urobilinogen Diagnostics"/><status value="active"/><date value="2021-12-01"/><publisher value="Charité - Universitätsmedizin Berlin"/><contact><telecom><system value="url"/><value value="https://www.bihealth.org/en/research/core-facilities/interoperability/"/></telecom></contact><description value="Urobilinogen diagnostics in the context of NAPKON GECCO+ module"/><compose><include><system value="http://loinc.org"/><concept><code value="13658-0"/><display value="Urobilinogen [Presence] in Urine"/></concept><concept><code value="12269-7"/><display value="Urobilinogen [Presence] in 24 hour Urine"/></concept><concept><code value="5818-0"/><display value="Urobilinogen [Presence] in Urine by Test strip"/></concept><concept><code value="62487-4"/><display value="Urobilinogen [Presence] in Urine by Automated test strip"/></concept></include></compose></ValueSet>