<?xml version="1.0" encoding="UTF-8"?><ValueSet xmlns="http://hl7.org/fhir"><id value="geccoplus-eq5d-s4-responses"/><text><status value="generated"/><div xmlns="http://www.w3.org/1999/xhtml"><ul><li>Include these codes as defined in <a href="CodeSystem-geccoplus-codesystem.html"><code>https://www.napkon.de/fhir/CodeSystem/geccoplus-codesystem</code></a><table class="none"><tr><td style="white-space:nowrap"><b>Code</b></td><td><b>Display</b></td></tr><tr><td><a href="CodeSystem-geccoplus-codesystem.html#geccoplus-codesystem-41">41</a></td><td>I have no pain or discomfort.</td></tr><tr><td><a href="CodeSystem-geccoplus-codesystem.html#geccoplus-codesystem-42">42</a></td><td>I have slight pain or discomfort.</td></tr><tr><td><a href="CodeSystem-geccoplus-codesystem.html#geccoplus-codesystem-43">43</a></td><td>I have moderate pain or discomfort.</td></tr><tr><td><a href="CodeSystem-geccoplus-codesystem.html#geccoplus-codesystem-44">44</a></td><td>I have severe pain or discomfort.</td></tr><tr><td><a href="CodeSystem-geccoplus-codesystem.html#geccoplus-codesystem-45">45</a></td><td>I have extreme pain or discomfort.</td></tr><tr><td><a href="CodeSystem-geccoplus-codesystem.html#geccoplus-codesystem-46">46</a></td><td>No information available.</td></tr></table></li></ul></div></text><url value="https://www.napkon.de/fhir/ValueSet/geccoplus-eq5d-s4-responses"/><version value="1.0.0"/><name value="EQ5DS4Responses"/><title value="EQ5D section four answers"/><status value="active"/><date value="2021-12-17T13:44:29+00:00"/><description value="EQ5D section four (pain and discomfort) answers"/><compose><include><system value="https://www.napkon.de/fhir/CodeSystem/geccoplus-codesystem"/><concept><code value="41"/><display value="I have no pain or discomfort."/></concept><concept><code value="42"/><display value="I have slight pain or discomfort."/></concept><concept><code value="43"/><display value="I have moderate pain or discomfort."/></concept><concept><code value="44"/><display value="I have severe pain or discomfort."/></concept><concept><code value="45"/><display value="I have extreme pain or discomfort."/></concept><concept><code value="46"/><display value="No information available."/></concept></include></compose></ValueSet>