{
  "resourceType": "Observation",
  "id": "HighestSchoolDegreeExample",
  "meta": {
    "profile": [
      "https://www.napkon.de/fhir/StructureDefinition/geccoplus-highest-school-degree"
    ]
  },
  "text": {
    "status": "generated",
    "div": "<div xmlns=\"http://www.w3.org/1999/xhtml\"><p><b>Generated Narrative</b></p><p></p><p><b>category</b>: <span title=\"Codes: {http://terminology.hl7.org/CodeSystem/observation-category social-history}\">Social History</span></p><p><b>code</b>: <span title=\"Codes: {http://loinc.org 82589-3}\">Highest level of education</span></p><p><b>subject</b>: <a href=\"Patient-ExamplePatient.html\">Generated Summary: Medical record number: napkon-example-patient; maxi musterperson (OFFICIAL); gender: unknown; birthDate: 1990-08-08</a></p><p><b>value</b>: <span title=\"Codes: {https://www.napkon.de/fhir/CodeSystem/geccoplus-codesystem 72}\">Realschulabschluss/Mittlere Reife</span></p></div>"
  },
  "status": "final",
  "category": [
    {
      "coding": [
        {
          "system": "http://terminology.hl7.org/CodeSystem/observation-category",
          "code": "social-history",
          "display": "Social History"
        }
      ]
    }
  ],
  "code": {
    "coding": [
      {
        "system": "http://loinc.org",
        "code": "82589-3",
        "display": "Highest level of education"
      }
    ]
  },
  "subject": {
    "reference": "Patient/ExamplePatient"
  },
  "valueCodeableConcept": {
    "coding": [
      {
        "system": "https://www.napkon.de/fhir/CodeSystem/geccoplus-codesystem",
        "code": "72",
        "display": "Realschulabschluss/Mittlere Reife"
      }
    ]
  }
}