{
  "resourceType": "Questionnaire",
  "id": "Eq5dQuestionaire",
  "text": {
    "status": "generated",
    "div": "<div xmlns=\"http://www.w3.org/1999/xhtml\"><table border=\"1\" cellpadding=\"0\" cellspacing=\"0\" style=\"border: 1px #F0F0F0 solid; font-size: 11px; font-family: verdana; vertical-align: top;\"><tr style=\"border: 2px #F0F0F0 solid; font-size: 11px; font-family: verdana; vertical-align: top\"><th style=\"vertical-align: top; text-align : left; background-color: white; border: 1px #F0F0F0 solid; padding:0px 4px 0px 4px\" class=\"hierarchy\"><a href=\"http://hl7.org/fhir/R4/formats.html#table\" title=\"The linkId for the item\">LinkId</a></th><th style=\"vertical-align: top; text-align : left; background-color: white; border: 1px #F0F0F0 solid; padding:0px 4px 0px 4px\" class=\"hierarchy\"><a href=\"http://hl7.org/fhir/R4/formats.html#table\" title=\"Text for the item\">Text</a></th><th style=\"vertical-align: top; text-align : left; background-color: white; border: 1px #F0F0F0 solid; padding:0px 4px 0px 4px\" class=\"hierarchy\"><a href=\"http://hl7.org/fhir/R4/formats.html#table\" title=\"Minimum and Maximum # of times the the itemcan appear in the instance\">Cardinality</a></th><th style=\"vertical-align: top; text-align : left; background-color: white; border: 1px #F0F0F0 solid; padding:0px 4px 0px 4px\" class=\"hierarchy\"><a href=\"http://hl7.org/fhir/R4/formats.html#table\" title=\"The type of the item\">Type</a></th><th style=\"vertical-align: top; text-align : left; background-color: white; border: 1px #F0F0F0 solid; padding:0px 4px 0px 4px\" class=\"hierarchy\"><a href=\"http://hl7.org/fhir/R4/formats.html#table\" title=\"Additional information about the item\">Description &amp; Constraints</a><span style=\"float: right\"><a href=\"http://hl7.org/fhir/R4/formats.html#table\" title=\"Legend for this format\"><img src=\"http://hl7.org/fhir/R4/help16.png\" alt=\"doco\" style=\"background-color: inherit\"/></a></span></th></tr><tr style=\"border: 1px #F0F0F0 solid; padding:0px; vertical-align: top; background-color: white\"><td style=\"vertical-align: top; text-align : left; background-color: white; border: 1px #F0F0F0 solid; padding:0px 4px 0px 4px; white-space: nowrap; background-image: url(tbl_bck1.png)\" class=\"hierarchy\"><img src=\"tbl_spacer.png\" alt=\".\" style=\"background-color: inherit\" class=\"hierarchy\"/><img src=\"icon_q_root.gif\" alt=\".\" style=\"background-color: white; background-color: inherit\" title=\"QuestionnaireRoot\" class=\"hierarchy\"/> EQ5DQuestionaire</td><td style=\"vertical-align: top; text-align : left; background-color: white; border: 1px #F0F0F0 solid; padding:0px 4px 0px 4px\" class=\"hierarchy\"></td><td style=\"vertical-align: top; text-align : left; background-color: white; border: 1px #F0F0F0 solid; padding:0px 4px 0px 4px\" class=\"hierarchy\"></td><td style=\"vertical-align: top; text-align : left; background-color: white; border: 1px #F0F0F0 solid; padding:0px 4px 0px 4px\" class=\"hierarchy\">Questionnaire</td><td style=\"vertical-align: top; text-align : left; background-color: white; border: 1px #F0F0F0 solid; padding:0px 4px 0px 4px\" class=\"hierarchy\"/></tr>\r\n<tr style=\"border: 1px #F0F0F0 solid; padding:0px; vertical-align: top; background-color: #F7F7F7\"><td style=\"vertical-align: top; text-align : left; background-color: #F7F7F7; border: 1px #F0F0F0 solid; padding:0px 4px 0px 4px; white-space: nowrap; background-image: url(tbl_bck10.png)\" class=\"hierarchy\"><img src=\"tbl_spacer.png\" alt=\".\" style=\"background-color: inherit\" class=\"hierarchy\"/><img src=\"tbl_vjoin.png\" alt=\".\" style=\"background-color: inherit\" class=\"hierarchy\"/><img src=\"icon-q-coding.png\" alt=\".\" style=\"background-color: #F7F7F7; background-color: inherit\" title=\"Coding\" class=\"hierarchy\"/> mobility</td><td style=\"vertical-align: top; text-align : left; background-color: #F7F7F7; border: 1px #F0F0F0 solid; padding:0px 4px 0px 4px\" class=\"hierarchy\">null</td><td style=\"vertical-align: top; text-align : left; background-color: #F7F7F7; border: 1px #F0F0F0 solid; padding:0px 4px 0px 4px\" class=\"hierarchy\">1..1</td><td style=\"vertical-align: top; text-align : left; background-color: #F7F7F7; border: 1px #F0F0F0 solid; padding:0px 4px 0px 4px\" class=\"hierarchy\"><a href=\"http://hl7.org/fhir/R4/codesystem-item-type.html#item-type-choice\">choice</a></td><td style=\"vertical-align: top; text-align : left; background-color: #F7F7F7; border: 1px #F0F0F0 solid; padding:0px 4px 0px 4px\" class=\"hierarchy\">Value Set: <a href=\"ValueSet-geccoplus-eq5d-s1-responses.html\">EQ5D section one answers</a></td></tr>\r\n<tr style=\"border: 1px #F0F0F0 solid; padding:0px; vertical-align: top; background-color: white\"><td style=\"vertical-align: top; text-align : left; background-color: white; border: 1px #F0F0F0 solid; padding:0px 4px 0px 4px; white-space: nowrap; background-image: url(tbl_bck10.png)\" class=\"hierarchy\"><img src=\"tbl_spacer.png\" alt=\".\" style=\"background-color: inherit\" class=\"hierarchy\"/><img src=\"tbl_vjoin.png\" alt=\".\" style=\"background-color: inherit\" class=\"hierarchy\"/><img src=\"icon-q-coding.png\" alt=\".\" style=\"background-color: white; background-color: inherit\" title=\"Coding\" class=\"hierarchy\"/> self-sufficiency</td><td style=\"vertical-align: top; text-align : left; background-color: white; border: 1px #F0F0F0 solid; padding:0px 4px 0px 4px\" class=\"hierarchy\">null</td><td style=\"vertical-align: top; text-align : left; background-color: white; border: 1px #F0F0F0 solid; padding:0px 4px 0px 4px\" class=\"hierarchy\">1..1</td><td style=\"vertical-align: top; text-align : left; background-color: white; border: 1px #F0F0F0 solid; padding:0px 4px 0px 4px\" class=\"hierarchy\"><a href=\"http://hl7.org/fhir/R4/codesystem-item-type.html#item-type-choice\">choice</a></td><td style=\"vertical-align: top; text-align : left; background-color: white; border: 1px #F0F0F0 solid; padding:0px 4px 0px 4px\" class=\"hierarchy\">Value Set: <a href=\"ValueSet-geccoplus-eq5d-s2-responses.html\">EQ5D section two answers</a></td></tr>\r\n<tr style=\"border: 1px #F0F0F0 solid; padding:0px; vertical-align: top; background-color: #F7F7F7\"><td style=\"vertical-align: top; text-align : left; background-color: #F7F7F7; border: 1px #F0F0F0 solid; padding:0px 4px 0px 4px; white-space: nowrap; background-image: url(tbl_bck10.png)\" class=\"hierarchy\"><img src=\"tbl_spacer.png\" alt=\".\" style=\"background-color: inherit\" class=\"hierarchy\"/><img src=\"tbl_vjoin.png\" alt=\".\" style=\"background-color: inherit\" class=\"hierarchy\"/><img src=\"icon-q-coding.png\" alt=\".\" style=\"background-color: #F7F7F7; background-color: inherit\" title=\"Coding\" class=\"hierarchy\"/> daily-activities</td><td style=\"vertical-align: top; text-align : left; background-color: #F7F7F7; border: 1px #F0F0F0 solid; padding:0px 4px 0px 4px\" class=\"hierarchy\">null</td><td style=\"vertical-align: top; text-align : left; background-color: #F7F7F7; border: 1px #F0F0F0 solid; padding:0px 4px 0px 4px\" class=\"hierarchy\">1..1</td><td style=\"vertical-align: top; text-align : left; background-color: #F7F7F7; border: 1px #F0F0F0 solid; padding:0px 4px 0px 4px\" class=\"hierarchy\"><a href=\"http://hl7.org/fhir/R4/codesystem-item-type.html#item-type-choice\">choice</a></td><td style=\"vertical-align: top; text-align : left; background-color: #F7F7F7; border: 1px #F0F0F0 solid; padding:0px 4px 0px 4px\" class=\"hierarchy\">Value Set: <a href=\"ValueSet-geccoplus-eq5d-s3-responses.html\">EQ5D section three answers</a></td></tr>\r\n<tr style=\"border: 1px #F0F0F0 solid; padding:0px; vertical-align: top; background-color: white\"><td style=\"vertical-align: top; text-align : left; background-color: white; border: 1px #F0F0F0 solid; padding:0px 4px 0px 4px; white-space: nowrap; background-image: url(tbl_bck10.png)\" class=\"hierarchy\"><img src=\"tbl_spacer.png\" alt=\".\" style=\"background-color: inherit\" class=\"hierarchy\"/><img src=\"tbl_vjoin.png\" alt=\".\" style=\"background-color: inherit\" class=\"hierarchy\"/><img src=\"icon-q-coding.png\" alt=\".\" style=\"background-color: white; background-color: inherit\" title=\"Coding\" class=\"hierarchy\"/> pain-discomfort</td><td style=\"vertical-align: top; text-align : left; background-color: white; border: 1px #F0F0F0 solid; padding:0px 4px 0px 4px\" class=\"hierarchy\">null</td><td style=\"vertical-align: top; text-align : left; background-color: white; border: 1px #F0F0F0 solid; padding:0px 4px 0px 4px\" class=\"hierarchy\">1..1</td><td style=\"vertical-align: top; text-align : left; background-color: white; border: 1px #F0F0F0 solid; padding:0px 4px 0px 4px\" class=\"hierarchy\"><a href=\"http://hl7.org/fhir/R4/codesystem-item-type.html#item-type-choice\">choice</a></td><td style=\"vertical-align: top; text-align : left; background-color: white; border: 1px #F0F0F0 solid; padding:0px 4px 0px 4px\" class=\"hierarchy\">Value Set: <a href=\"ValueSet-geccoplus-eq5d-s4-responses.html\">EQ5D section four answers</a></td></tr>\r\n<tr style=\"border: 1px #F0F0F0 solid; padding:0px; vertical-align: top; background-color: #F7F7F7\"><td style=\"vertical-align: top; text-align : left; background-color: #F7F7F7; border: 1px #F0F0F0 solid; padding:0px 4px 0px 4px; white-space: nowrap; background-image: url(tbl_bck00.png)\" class=\"hierarchy\"><img src=\"tbl_spacer.png\" alt=\".\" style=\"background-color: inherit\" class=\"hierarchy\"/><img src=\"tbl_vjoin_end.png\" alt=\".\" style=\"background-color: inherit\" class=\"hierarchy\"/><img src=\"icon-q-coding.png\" alt=\".\" style=\"background-color: #F7F7F7; background-color: inherit\" title=\"Coding\" class=\"hierarchy\"/> anxiety-depression</td><td style=\"vertical-align: top; text-align : left; background-color: #F7F7F7; border: 1px #F0F0F0 solid; padding:0px 4px 0px 4px\" class=\"hierarchy\">null</td><td style=\"vertical-align: top; text-align : left; background-color: #F7F7F7; border: 1px #F0F0F0 solid; padding:0px 4px 0px 4px\" class=\"hierarchy\">1..1</td><td style=\"vertical-align: top; text-align : left; background-color: #F7F7F7; border: 1px #F0F0F0 solid; padding:0px 4px 0px 4px\" class=\"hierarchy\"><a href=\"http://hl7.org/fhir/R4/codesystem-item-type.html#item-type-choice\">choice</a></td><td style=\"vertical-align: top; text-align : left; background-color: #F7F7F7; border: 1px #F0F0F0 solid; padding:0px 4px 0px 4px\" class=\"hierarchy\">Value Set: <a href=\"ValueSet-geccoplus-eq5d-s5-responses.html\">EQ5D section five answers</a></td></tr>\r\n<tr><td colspan=\"5\" class=\"hierarchy\"><br/><a href=\"http://hl7.org/fhir/R4/formats.html#table\" title=\"Legend for this format\"><img src=\"http://hl7.org/fhir/R4/help16.png\" alt=\"doco\" style=\"background-color: inherit\"/> Documentation for this format</a></td></tr></table></div>"
  },
  "url": "https://www.napkon.de/fhir/eq5d-questionnaire",
  "version": "1.0.0",
  "name": "EQ5DQuestionaire",
  "status": "active",
  "date": "2021-11-22",
  "publisher": "Charité - Universitätsmedizin Berlin",
  "contact": [
    {
      "telecom": [
        {
          "system": "url",
          "value": "https://www.bihealth.org/en/research/core-facilities/interoperability/"
        }
      ]
    }
  ],
  "item": [
    {
      "linkId": "mobility",
      "code": [
        {
          "system": "https://www.napkon.de/fhir/CodeSystem/geccoplus-codesystem",
          "code": "s1",
          "display": "Agility and mobility"
        }
      ],
      "type": "choice",
      "required": true,
      "answerValueSet": "https://www.napkon.de/fhir/ValueSet/geccoplus-eq5d-s1-responses"
    },
    {
      "linkId": "self-sufficiency",
      "code": [
        {
          "system": "https://www.napkon.de/fhir/CodeSystem/geccoplus-codesystem",
          "code": "s2",
          "display": "Self-sufficiency"
        }
      ],
      "type": "choice",
      "required": true,
      "answerValueSet": "https://www.napkon.de/fhir/ValueSet/geccoplus-eq5d-s2-responses"
    },
    {
      "linkId": "daily-activities",
      "code": [
        {
          "system": "https://www.napkon.de/fhir/CodeSystem/geccoplus-codesystem",
          "code": "s3",
          "display": "Daily activities"
        }
      ],
      "type": "choice",
      "required": true,
      "answerValueSet": "https://www.napkon.de/fhir/ValueSet/geccoplus-eq5d-s3-responses"
    },
    {
      "linkId": "pain-discomfort",
      "code": [
        {
          "system": "https://www.napkon.de/fhir/CodeSystem/geccoplus-codesystem",
          "code": "s4",
          "display": "Pain and discomfort"
        }
      ],
      "type": "choice",
      "required": true,
      "answerValueSet": "https://www.napkon.de/fhir/ValueSet/geccoplus-eq5d-s4-responses"
    },
    {
      "linkId": "anxiety-depression",
      "code": [
        {
          "system": "https://www.napkon.de/fhir/CodeSystem/geccoplus-codesystem",
          "code": "s5",
          "display": "Anxiety and depression"
        }
      ],
      "type": "choice",
      "required": true,
      "answerValueSet": "https://www.napkon.de/fhir/ValueSet/geccoplus-eq5d-s5-responses"
    }
  ]
}