{
  "package": "napkon-geccoplus",
  "version": "1.0.0",
  "fhirVersion": "4.0.1",
  "extensions": [],
  "profiles": {
    "Condition": [
      {
        "url": "https://www.napkon.de/fhir/StructureDefinition/geccoplus-symptoms",
        "title": "Symptoms"
      }
    ],
    "QuestionnaireResponse": [
      {
        "url": "https://www.napkon.de/fhir/StructureDefinition/geccoplus-proms-response",
        "title": "PROMS Response"
      }
    ],
    "Observation": [
      {
        "url": "https://www.napkon.de/fhir/StructureDefinition/geccoplus-urine-diagnostics",
        "title": "Urine Diagnostics"
      },
      {
        "url": "https://www.napkon.de/fhir/StructureDefinition/geccoplus-urine-specific-gravity",
        "title": "Urine Specific Gravity"
      },
      {
        "url": "https://www.napkon.de/fhir/StructureDefinition/geccoplus-urine-urobilinogen",
        "title": "Urine Urobilinogen"
      }
    ]
  },
  "usage": {
    "http://fhir.de/StructureDefinition/icd-10-gm-diagnosesicherheit": [
      "Condition.code.coding"
    ],
    "http://fhir.de/StructureDefinition/icd-10-gm-mehrfachcodierungs-kennzeichen": [
      "Condition.code.coding"
    ],
    "http://fhir.de/StructureDefinition/lebensphase": [
      "Condition.onset[x].end",
      "Condition.onset[x].start"
    ],
    "http://fhir.de/StructureDefinition/seitenlokalisation": [
      "Condition.code.coding"
    ],
    "http://hl7.org/fhir/StructureDefinition/condition-related": [
      "Condition"
    ],
    "http://hl7.org/fhir/StructureDefinition/elementdefinition-bestpractice": [
      "StructureDefinition.snapshot.element.constraint"
    ],
    "http://hl7.org/fhir/StructureDefinition/elementdefinition-bestpractice-explanation": [
      "StructureDefinition.snapshot.element.constraint"
    ],
    "http://hl7.org/fhir/StructureDefinition/elementdefinition-bindingName": [
      "StructureDefinition.snapshot.element.binding"
    ],
    "http://hl7.org/fhir/StructureDefinition/elementdefinition-isCommonBinding": [
      "StructureDefinition.snapshot.element.binding"
    ],
    "http://hl7.org/fhir/StructureDefinition/elementdefinition-maxValueSet": [
      "StructureDefinition.snapshot.element.binding"
    ],
    "http://hl7.org/fhir/StructureDefinition/elementdefinition-translatable": [
      "StructureDefinition.snapshot.element"
    ],
    "http://hl7.org/fhir/StructureDefinition/regex": [
      "StructureDefinition.snapshot.element.type"
    ],
    "http://hl7.org/fhir/StructureDefinition/structuredefinition-category": [
      "StructureDefinition"
    ],
    "http://hl7.org/fhir/StructureDefinition/structuredefinition-display-hint": [
      "StructureDefinition.snapshot.element"
    ],
    "http://hl7.org/fhir/StructureDefinition/structuredefinition-fhir-type": [
      "StructureDefinition.snapshot.element.type"
    ],
    "http://hl7.org/fhir/StructureDefinition/structuredefinition-normative-version": [
      "StructureDefinition.snapshot.element"
    ],
    "http://hl7.org/fhir/StructureDefinition/structuredefinition-security-category": [
      "StructureDefinition"
    ],
    "http://hl7.org/fhir/StructureDefinition/structuredefinition-standards-status": [
      "StructureDefinition.snapshot.element"
    ],
    "http://hl7.org/fhir/tools/StructureDefinition/ig-parameter": [
      "ImplementationGuide.definition"
    ],
    "http://hl7.org/fhir/tools/StructureDefinition/resource-information": [
      "ImplementationGuide.definition.resource"
    ],
    "https://www.netzwerk-universitaetsmedizin.de/fhir/StructureDefinition/uncertainty-of-presence": [
      "Condition"
    ]
  }
}