<?xml version="1.0" encoding="UTF-8"?>

<ValueSet xmlns="http://hl7.org/fhir">
  <id value="geccoplus-eq5d-s3-responses"/>
  <text>
    <status value="generated"/><div xmlns="http://www.w3.org/1999/xhtml"><ul><li>Include these codes as defined in <a href="CodeSystem-geccoplus-codesystem.html"><code>https://www.napkon.de/fhir/CodeSystem/geccoplus-codesystem</code></a><table class="none"><tr><td style="white-space:nowrap"><b>Code</b></td><td><b>Display</b></td></tr><tr><td><a href="CodeSystem-geccoplus-codesystem.html#geccoplus-codesystem-31">31</a></td><td>I have no problems doing my usual activities.</td></tr><tr><td><a href="CodeSystem-geccoplus-codesystem.html#geccoplus-codesystem-32">32</a></td><td>I have slight problems doing my usual activities.</td></tr><tr><td><a href="CodeSystem-geccoplus-codesystem.html#geccoplus-codesystem-33">33</a></td><td>I have moderate problems doing my usual activities.</td></tr><tr><td><a href="CodeSystem-geccoplus-codesystem.html#geccoplus-codesystem-34">34</a></td><td>I have severe problems doing my usual activities.</td></tr><tr><td><a href="CodeSystem-geccoplus-codesystem.html#geccoplus-codesystem-35">35</a></td><td>I am unable to do my usual activities.</td></tr><tr><td><a href="CodeSystem-geccoplus-codesystem.html#geccoplus-codesystem-36">36</a></td><td>No information available.</td></tr></table></li></ul></div>
  </text>
  <url value="https://www.napkon.de/fhir/ValueSet/geccoplus-eq5d-s3-responses"/>
  <version value="0.1.0"/>
  <name value="EQ5DS3Responses"/>
  <title value="EQ5D section three answers"/>
  <status value="active"/>
  <date value="2021-12-17T11:18:04+00:00"/>
  <publisher value="Charité - Universitätsmedizin Berlin"/>
  <contact>
    <name value="Charité - Universitätsmedizin Berlin"/>
    <telecom>
      <system value="url"/>
      <value value="https://www.netzwerk-universitaetsmedizin.de"/>
    </telecom>
  </contact>
  <description value="EQ5D section three (daily activities) answers"/>
  <compose>
    <include>
      <system value="https://www.napkon.de/fhir/CodeSystem/geccoplus-codesystem"/>
      <concept>
        <code value="31"/>
        <display value="I have no problems doing my usual activities."/>
      </concept>
      <concept>
        <code value="32"/>
        <display value="I have slight problems doing my usual activities."/>
      </concept>
      <concept>
        <code value="33"/>
        <display value="I have moderate problems doing my usual activities."/>
      </concept>
      <concept>
        <code value="34"/>
        <display value="I have severe problems doing my usual activities."/>
      </concept>
      <concept>
        <code value="35"/>
        <display value="I am unable to do my usual activities."/>
      </concept>
      <concept>
        <code value="36"/>
        <display value="No information available."/>
      </concept>
    </include>
  </compose>
</ValueSet>