<?xml version="1.0" encoding="UTF-8"?>

<ValueSet xmlns="http://hl7.org/fhir">
  <id value="geccoplus-symptoms-sct"/>
  <text>
    <status value="generated"/><div xmlns="http://www.w3.org/1999/xhtml"><ul><li>Include these codes as defined in <a href="http://www.snomed.org/"><code>http://snomed.info/sct</code></a><table class="none"><tr><td style="white-space:nowrap"><b>Code</b></td><td><b>Display</b></td></tr><tr><td><a href="http://browser.ihtsdotools.org/?perspective=full&amp;conceptId1=68962001">68962001</a></td><td>Muscle pain (finding)</td></tr><tr><td><a href="http://browser.ihtsdotools.org/?perspective=full&amp;conceptId1=404640003">404640003</a></td><td>Dizziness (finding)</td></tr><tr><td><a href="http://browser.ihtsdotools.org/?perspective=full&amp;conceptId1=29857009">29857009</a></td><td>Chest pain (finding)</td></tr><tr><td><a href="http://browser.ihtsdotools.org/?perspective=full&amp;conceptId1=405737000">405737000</a></td><td>Pharyngitis (disorder)</td></tr><tr><td><a href="http://browser.ihtsdotools.org/?perspective=full&amp;conceptId1=64531003">64531003</a></td><td>Nasal discharge (finding)</td></tr></table></li></ul></div>
  </text>
  <url value="https://www.napkon.de/fhir/ValueSet/geccoplus-symptoms-sct"/>
  <version value="1.0.0"/>
  <name value="SymptomsSCT"/>
  <title value="Symptoms (SNOMED CT)"/>
  <status value="active"/>
  <date value="2021-11-29"/>
  <publisher value="Charité - Universitätsmedizin Berlin"/>
  <contact>
    <telecom>
      <system value="url"/>
      <value value="https://www.bihealth.org/en/research/core-facilities/interoperability/"/>
    </telecom>
  </contact>
  <description value="Value set for symptoms in the context of GECCO+ (SNOMED CT)"/>
  <compose>
    <include>
      <system value="http://snomed.info/sct"/>
      <concept>
        <code value="68962001"/>
        <display value="Muscle pain (finding)"/>
      </concept>
      <concept>
        <code value="404640003"/>
        <display value="Dizziness (finding)"/>
      </concept>
      <concept>
        <code value="29857009"/>
        <display value="Chest pain (finding)"/>
      </concept>
      <concept>
        <code value="405737000"/>
        <display value="Pharyngitis (disorder)"/>
      </concept>
      <concept>
        <code value="64531003"/>
        <display value="Nasal discharge (finding)"/>
      </concept>
    </include>
  </compose>
</ValueSet>