<?xml version="1.0" encoding="UTF-8"?>

<ValueSet xmlns="http://hl7.org/fhir">
  <id value="urine-specific-gravity"/>
  <text>
    <status value="generated"/><div xmlns="http://www.w3.org/1999/xhtml"><ul><li>Include these codes as defined in <a href="http://loinc.org"><code>http://loinc.org</code></a><table class="none"><tr><td style="white-space:nowrap"><b>Code</b></td><td><b>Display</b></td></tr><tr><td><a href="http://details.loinc.org/LOINC/2965-2.html">2965-2</a></td><td>Specific gravity of Urine</td></tr><tr><td><a href="http://details.loinc.org/LOINC/2966-0.html">2966-0</a></td><td>Specific gravity of 24 hour Urine</td></tr><tr><td><a href="http://details.loinc.org/LOINC/5810-7.html">5810-7</a></td><td>Specific gravity of Urine by Refractometry</td></tr><tr><td><a href="http://details.loinc.org/LOINC/44933-0.html">44933-0</a></td><td>Specific gravity of 24 hour Urine by Refractometry</td></tr><tr><td><a href="http://details.loinc.org/LOINC/5811-5.html">5811-5</a></td><td>Specific gravity of Urine by Test strip</td></tr></table></li></ul></div>
  </text>
  <url value="https://www.napkon.de/fhir/ValueSet/urine-specific-gravity"/>
  <version value="0.1.0"/>
  <name value="UrineSpecificGravity"/>
  <title value="Urine Specific Gravity"/>
  <status value="draft"/>
  <date value="2021-12-01"/>
  <publisher value="Charité - Universitätsmedizin Berlin"/>
  <contact>
    <name value="Charité - Universitätsmedizin Berlin"/>
    <telecom>
      <system value="url"/>
      <value value="https://www.netzwerk-universitaetsmedizin.de"/>
    </telecom>
  </contact>
  <description value="Specific gravity of urine"/>
  <compose>
    <include>
      <system value="http://loinc.org"/>
      <concept>
        <code value="2965-2"/>
        <display value="Specific gravity of Urine"/>
      </concept>
      <concept>
        <code value="2966-0"/>
        <display value="Specific gravity of 24 hour Urine"/>
      </concept>
      <concept>
        <code value="5810-7"/>
        <display value="Specific gravity of Urine by Refractometry"/>
      </concept>
      <concept>
        <code value="44933-0"/>
        <display value="Specific gravity of 24 hour Urine by Refractometry"/>
      </concept>
      <concept>
        <code value="5811-5"/>
        <display value="Specific gravity of Urine by Test strip"/>
      </concept>
    </include>
  </compose>
</ValueSet>