{"resourceType":"ImplementationGuide","id":"napkon-geccoplus","text":{"status":"extensions","div":"<div xmlns=\"http://www.w3.org/1999/xhtml\"><h2>napkongeccoplus</h2><p>The official URL for this implementation guide is: </p><pre>https://www.napkon.de/fhir/ImplementationGuide/napkon-geccoplus</pre></div>"},"url":"https://www.napkon.de/fhir/ImplementationGuide/napkon-geccoplus","version":"0.1.0","name":"napkongeccoplus","status":"draft","date":"2021-12-17T11:18:04+00:00","publisher":"Charité - Universitätsmedizin Berlin","contact":[{"name":"Charité - Universitätsmedizin Berlin","telecom":[{"system":"url","value":"https://www.netzwerk-universitaetsmedizin.de"}]}],"packageId":"napkon-geccoplus","license":"CC0-1.0","fhirVersion":["4.0.1"],"dependsOn":[{"id":"de_medizininformatikinitiative_kerndatensatz_prozedur","uri":"https://simplifier.net/guide/medizininformatikinitiative-modulprozeduren-implementationguide","packageId":"de.medizininformatikinitiative.kerndatensatz.prozedur","version":"2.0.0-alpha3"},{"id":"de_medizininformatikinitiative_kerndatensatz_person","uri":"https://simplifier.net/guide/medizininformatikinitiative-modulperson-implementationguide","packageId":"de.medizininformatikinitiative.kerndatensatz.person","version":"2.0.0-alpha3"},{"id":"de_medizininformatikinitiative_kerndatensatz_medikation","uri":"https://simplifier.net/guide/medizininformatikinitiative-modulmedikation-implementationguide","packageId":"de.medizininformatikinitiative.kerndatensatz.medikation","version":"1.0.10"},{"id":"de_medizininformatikinitiative_kerndatensatz_diagnose","uri":"https://simplifier.net/guide/medizininformatikinitiative-moduldiagnosen-implementationguide","packageId":"de.medizininformatikinitiative.kerndatensatz.diagnose","version":"2.0.0-alpha3"},{"id":"de_medizininformatikinitiative_kerndatensatz_laborbefund","uri":"https://simplifier.net/guide/laborbefundindermedizininformatik-initiative","packageId":"de.medizininformatikinitiative.kerndatensatz.laborbefund","version":"1.0.6"},{"id":"de_gecco","uri":"https://simplifier.net/guide/germancoronaconsensusdataset-implementationguide","packageId":"de.gecco","version":"1.0.5"},{"id":"de_medizininformatikinitiative_kerndatensatz_meta","uri":"https://simplifier.net/guide/medizininformatikinitiative-implementationguide-manteldokument","packageId":"de.medizininformatikinitiative.kerndatensatz.meta","version":"1.0.3"}],"definition":{"extension":[{"extension":[{"url":"code","valueString":"copyrightyear"},{"url":"value","valueString":"2021+"}],"url":"http://hl7.org/fhir/tools/StructureDefinition/ig-parameter"},{"extension":[{"url":"code","valueString":"releaselabel"},{"url":"value","valueString":"ci-build"}],"url":"http://hl7.org/fhir/tools/StructureDefinition/ig-parameter"},{"extension":[{"url":"code","valueString":"path-liquid"},{"url":"value","valueString":"template/liquid"}],"url":"http://hl7.org/fhir/tools/StructureDefinition/ig-parameter"},{"extension":[{"url":"code","valueString":"path-liquid"},{"url":"value","valueString":"input/liquid"}],"url":"http://hl7.org/fhir/tools/StructureDefinition/ig-parameter"},{"extension":[{"url":"code","valueString":"path-qa"},{"url":"value","valueString":"temp/qa"}],"url":"http://hl7.org/fhir/tools/StructureDefinition/ig-parameter"},{"extension":[{"url":"code","valueString":"path-temp"},{"url":"value","valueString":"temp/pages"}],"url":"http://hl7.org/fhir/tools/StructureDefinition/ig-parameter"},{"extension":[{"url":"code","valueString":"path-output"},{"url":"value","valueString":"output"}],"url":"http://hl7.org/fhir/tools/StructureDefinition/ig-parameter"},{"extension":[{"url":"code","valueString":"path-suppressed-warnings"},{"url":"value","valueString":"input/ignoreWarnings.txt"}],"url":"http://hl7.org/fhir/tools/StructureDefinition/ig-parameter"},{"extension":[{"url":"code","valueString":"path-history"},{"url":"value","valueString":"https://www.napkon.de/fhir/history.html"}],"url":"http://hl7.org/fhir/tools/StructureDefinition/ig-parameter"},{"extension":[{"url":"code","valueString":"template-html"},{"url":"value","valueString":"template-page.html"}],"url":"http://hl7.org/fhir/tools/StructureDefinition/ig-parameter"},{"extension":[{"url":"code","valueString":"template-md"},{"url":"value","valueString":"template-page-md.html"}],"url":"http://hl7.org/fhir/tools/StructureDefinition/ig-parameter"},{"extension":[{"url":"code","valueString":"apply-contact"},{"url":"value","valueString":"true"}],"url":"http://hl7.org/fhir/tools/StructureDefinition/ig-parameter"},{"extension":[{"url":"code","valueString":"apply-context"},{"url":"value","valueString":"true"}],"url":"http://hl7.org/fhir/tools/StructureDefinition/ig-parameter"},{"extension":[{"url":"code","valueString":"apply-copyright"},{"url":"value","valueString":"true"}],"url":"http://hl7.org/fhir/tools/StructureDefinition/ig-parameter"},{"extension":[{"url":"code","valueString":"apply-jurisdiction"},{"url":"value","valueString":"true"}],"url":"http://hl7.org/fhir/tools/StructureDefinition/ig-parameter"},{"extension":[{"url":"code","valueString":"apply-license"},{"url":"value","valueString":"true"}],"url":"http://hl7.org/fhir/tools/StructureDefinition/ig-parameter"},{"extension":[{"url":"code","valueString":"apply-publisher"},{"url":"value","valueString":"true"}],"url":"http://hl7.org/fhir/tools/StructureDefinition/ig-parameter"},{"extension":[{"url":"code","valueString":"apply-version"},{"url":"value","valueString":"true"}],"url":"http://hl7.org/fhir/tools/StructureDefinition/ig-parameter"},{"extension":[{"url":"code","valueString":"active-tables"},{"url":"value","valueString":"true"}],"url":"http://hl7.org/fhir/tools/StructureDefinition/ig-parameter"}],"grouping":[{"id":"-str-questionnaire","name":"Structures: Questionnaires","description":"These define forms used by systems conforming to this implementation guide to capture or expose data to end users"},{"id":"-str-profile","name":"Structures: Resource Profiles","description":"These define constraints on FHIR resources for systems conforming to this implementation guide"},{"id":"-term-valueset","name":"Terminology: Value Sets","description":"These define sets of codes used by systems conforming to this implementation guide"},{"id":"-term-codesystem","name":"Terminology: Code Systems","description":"These define new code systems used by systems conforming to this implementation guide"},{"id":"-ex-example","name":"Example: Example Instances","description":"These are example instances that show what data produced and consumed by systems conforming with this implementation guide might look like"}],"resource":[{"extension":[{"url":"http://hl7.org/fhir/StructureDefinition/implementationguide-page","valueUri":"StructureDefinition-geccoplus-allergy.html"}],"reference":{"reference":"StructureDefinition/geccoplus-allergy"},"name":"Allergies","description":"Profile for allergies in the context of GECCO+","exampleBoolean":false,"groupingId":"-str-profile"},{"extension":[{"url":"http://hl7.org/fhir/StructureDefinition/implementationguide-page","valueUri":"StructureDefinition-geccoplus-eq5d-response.html"}],"reference":{"reference":"StructureDefinition/geccoplus-eq5d-response"},"name":"EQ5D Questionnaire Response","description":"Response to the EQ-5D Questionnaire","exampleBoolean":false,"groupingId":"-str-profile"},{"extension":[{"url":"http://hl7.org/fhir/StructureDefinition/implementationguide-page","valueUri":"StructureDefinition-geccoplus-highest-school-degree.html"}],"reference":{"reference":"StructureDefinition/geccoplus-highest-school-degree"},"name":"Highest school degree","description":"Highest school degree in the context of GECCO+","exampleBoolean":false,"groupingId":"-str-profile"},{"extension":[{"url":"http://hl7.org/fhir/StructureDefinition/implementationguide-page","valueUri":"StructureDefinition-geccoplus-proms-response.html"}],"reference":{"reference":"StructureDefinition/geccoplus-proms-response"},"name":"PROMS Response","description":"Response to the PROMs questionnaire","exampleBoolean":false,"groupingId":"-str-profile"},{"extension":[{"url":"http://hl7.org/fhir/StructureDefinition/implementationguide-page","valueUri":"StructureDefinition-geccoplus-symptoms.html"}],"reference":{"reference":"StructureDefinition/geccoplus-symptoms"},"name":"Symptoms","description":"Symptoms in the context of GECCO+","exampleBoolean":false,"groupingId":"-str-profile"},{"extension":[{"url":"http://hl7.org/fhir/StructureDefinition/implementationguide-page","valueUri":"StructureDefinition-geccoplus-urine-diagnostics.html"}],"reference":{"reference":"StructureDefinition/geccoplus-urine-diagnostics"},"name":"Urine Diagnostics","description":"Urine diagnostics","exampleBoolean":false,"groupingId":"-str-profile"},{"extension":[{"url":"http://hl7.org/fhir/StructureDefinition/implementationguide-page","valueUri":"StructureDefinition-geccoplus-urine-specific-gravity.html"}],"reference":{"reference":"StructureDefinition/geccoplus-urine-specific-gravity"},"name":"Urine Specific Gravity","description":"Specific gravity of urine","exampleBoolean":false,"groupingId":"-str-profile"},{"extension":[{"url":"http://hl7.org/fhir/StructureDefinition/implementationguide-page","valueUri":"StructureDefinition-geccoplus-urine-urobilinogen.html"}],"reference":{"reference":"StructureDefinition/geccoplus-urine-urobilinogen"},"name":"Urine Urobilinogen","description":"Urine urobilinogen","exampleBoolean":false,"groupingId":"-str-profile"},{"extension":[{"url":"http://hl7.org/fhir/StructureDefinition/implementationguide-page","valueUri":"ValueSet-geccoplus-allergies-icd.html"}],"reference":{"reference":"ValueSet/geccoplus-allergies-icd"},"name":"Allergies","description":"Value set for allergies in the context of GECCO+","exampleBoolean":false,"groupingId":"-term-valueset"},{"extension":[{"url":"http://hl7.org/fhir/StructureDefinition/implementationguide-page","valueUri":"ValueSet-geccoplus-allergies-sct.html"}],"reference":{"reference":"ValueSet/geccoplus-allergies-sct"},"name":"Allergies","description":"Value set for allergies in the context of GECCO+","exampleBoolean":false,"groupingId":"-term-valueset"},{"extension":[{"url":"http://hl7.org/fhir/StructureDefinition/implementationguide-page","valueUri":"ValueSet-detected-not-detected-unknown-undetermined.html"}],"reference":{"reference":"ValueSet/detected-not-detected-unknown-undetermined"},"name":"Detected Not Detected Unknown Undetermined","description":"Values for laboratory observations","exampleBoolean":false,"groupingId":"-term-valueset"},{"extension":[{"url":"http://hl7.org/fhir/StructureDefinition/implementationguide-page","valueUri":"ValueSet-geccoplus-eq5d-s1-responses.html"}],"reference":{"reference":"ValueSet/geccoplus-eq5d-s1-responses"},"name":"EQ5D section one answers","description":"EQ5D section one (agility and mobility) answers","exampleBoolean":false,"groupingId":"-term-valueset"},{"extension":[{"url":"http://hl7.org/fhir/StructureDefinition/implementationguide-page","valueUri":"ValueSet-geccoplus-eq5d-s2-responses.html"}],"reference":{"reference":"ValueSet/geccoplus-eq5d-s2-responses"},"name":"EQ5D section two answers","description":"EQ5D section two (self-sufficiency) answers","exampleBoolean":false,"groupingId":"-term-valueset"},{"extension":[{"url":"http://hl7.org/fhir/StructureDefinition/implementationguide-page","valueUri":"ValueSet-geccoplus-eq5d-s3-responses.html"}],"reference":{"reference":"ValueSet/geccoplus-eq5d-s3-responses"},"name":"EQ5D section three answers","description":"EQ5D section three (daily activities) answers","exampleBoolean":false,"groupingId":"-term-valueset"},{"extension":[{"url":"http://hl7.org/fhir/StructureDefinition/implementationguide-page","valueUri":"ValueSet-geccoplus-eq5d-s4-responses.html"}],"reference":{"reference":"ValueSet/geccoplus-eq5d-s4-responses"},"name":"EQ5D section four answers","description":"EQ5D section four (pain and discomfort) answers","exampleBoolean":false,"groupingId":"-term-valueset"},{"extension":[{"url":"http://hl7.org/fhir/StructureDefinition/implementationguide-page","valueUri":"ValueSet-geccoplus-eq5d-s5-responses.html"}],"reference":{"reference":"ValueSet/geccoplus-eq5d-s5-responses"},"name":"EQ5D section five answers","description":"EQ5D section five (anxiety and depression) answers","exampleBoolean":false,"groupingId":"-term-valueset"},{"extension":[{"url":"http://hl7.org/fhir/StructureDefinition/implementationguide-page","valueUri":"ValueSet-geccoplus-laboratory-diagnostics.html"}],"reference":{"reference":"ValueSet/geccoplus-laboratory-diagnostics"},"name":"Laboratory Diagnostics","description":"Laboratory diagnostics in the context of NAPKON GECCO+ module","exampleBoolean":false,"groupingId":"-term-valueset"},{"extension":[{"url":"http://hl7.org/fhir/StructureDefinition/implementationguide-page","valueUri":"ValueSet-geccoplus-normal-pathologic.html"}],"reference":{"reference":"ValueSet/geccoplus-normal-pathologic"},"name":"Normal Pathologic","description":"Normal Pathologic","exampleBoolean":false,"groupingId":"-term-valueset"},{"extension":[{"url":"http://hl7.org/fhir/StructureDefinition/implementationguide-page","valueUri":"ValueSet-geccoplus-proms-responses.html"}],"reference":{"reference":"ValueSet/geccoplus-proms-responses"},"name":"Proms in the context of GECCOplus","description":"Manuell code system for proms in order to be able to specify codes which are currently not assigned to any terminology","exampleBoolean":false,"groupingId":"-term-valueset"},{"extension":[{"url":"http://hl7.org/fhir/StructureDefinition/implementationguide-page","valueUri":"ValueSet-geccoplus-positive-negative.html"}],"reference":{"reference":"ValueSet/geccoplus-positive-negative"},"name":"Positive Negative Codes","description":"Positive / Negative Codes in the context of NAPKON GECCO+ Module","exampleBoolean":false,"groupingId":"-term-valueset"},{"extension":[{"url":"http://hl7.org/fhir/StructureDefinition/implementationguide-page","valueUri":"ValueSet-present-not-present-undetermined-other.html"}],"reference":{"reference":"ValueSet/present-not-present-undetermined-other"},"name":"Present Not Present Undetermined Other","description":"Values for laboratory observations","exampleBoolean":false,"groupingId":"-term-valueset"},{"extension":[{"url":"http://hl7.org/fhir/StructureDefinition/implementationguide-page","valueUri":"ValueSet-restricted-event-status.html"}],"reference":{"reference":"ValueSet/restricted-event-status"},"name":"RestrictedEventStatus","description":"EventStatus value set restricted to codes not-done, active, completed and unknown","exampleBoolean":false,"groupingId":"-term-valueset"},{"extension":[{"url":"http://hl7.org/fhir/StructureDefinition/implementationguide-page","valueUri":"ValueSet-geccoplus-school-degree.html"}],"reference":{"reference":"ValueSet/geccoplus-school-degree"},"name":"School Degree","description":"Value set of school degrees","exampleBoolean":false,"groupingId":"-term-valueset"},{"extension":[{"url":"http://hl7.org/fhir/StructureDefinition/implementationguide-page","valueUri":"ValueSet-geccoplus-symptoms-icd.html"}],"reference":{"reference":"ValueSet/geccoplus-symptoms-icd"},"name":"Symptoms","description":"Value set for symptoms in the context of GECCO+","exampleBoolean":false,"groupingId":"-term-valueset"},{"extension":[{"url":"http://hl7.org/fhir/StructureDefinition/implementationguide-page","valueUri":"ValueSet-geccoplus-symptoms-sct.html"}],"reference":{"reference":"ValueSet/geccoplus-symptoms-sct"},"name":"Symptoms","description":"Value set for symptoms in the context of GECCO+","exampleBoolean":false,"groupingId":"-term-valueset"},{"extension":[{"url":"http://hl7.org/fhir/StructureDefinition/implementationguide-page","valueUri":"ValueSet-urine-diagnostics.html"}],"reference":{"reference":"ValueSet/urine-diagnostics"},"name":"Urine Diagnostics","description":"Urine diagnostic codes in the context of NAPKON GECCO+ module","exampleBoolean":false,"groupingId":"-term-valueset"},{"extension":[{"url":"http://hl7.org/fhir/StructureDefinition/implementationguide-page","valueUri":"ValueSet-urine-specific-gravity.html"}],"reference":{"reference":"ValueSet/urine-specific-gravity"},"name":"Urine Specific Gravity","description":"Specific gravity of urine","exampleBoolean":false,"groupingId":"-term-valueset"},{"extension":[{"url":"http://hl7.org/fhir/StructureDefinition/implementationguide-page","valueUri":"ValueSet-urobilinogen-diagnostics.html"}],"reference":{"reference":"ValueSet/urobilinogen-diagnostics"},"name":"Urobilinogen Diagnostics","description":"Urobilinogen diagnostics in the context of NAPKON GECCO+ module","exampleBoolean":false,"groupingId":"-term-valueset"},{"extension":[{"url":"http://hl7.org/fhir/StructureDefinition/implementationguide-page","valueUri":"ValueSet-yes-no-unknown.html"}],"reference":{"reference":"ValueSet/yes-no-unknown"},"name":"Yes No Unknown","description":"Yes / No / Unknown","exampleBoolean":false,"groupingId":"-term-valueset"},{"extension":[{"url":"http://hl7.org/fhir/StructureDefinition/implementationguide-page","valueUri":"CodeSystem-geccoplus-codesystem.html"}],"reference":{"reference":"CodeSystem/geccoplus-codesystem"},"name":"GECCOplus Module Codes","description":"GECCOplus Module Code System - Collection of codes that are missing from common terminologies such as SNOMED CT","exampleBoolean":false,"groupingId":"-term-codesystem"},{"extension":[{"url":"http://hl7.org/fhir/StructureDefinition/implementationguide-page","valueUri":"QuestionnaireResponse-EQ5DResponse.html"}],"reference":{"reference":"QuestionnaireResponse/EQ5DResponse"},"name":"Example responses to EQ-5D questionnaire","description":"Example as part of answers to the EQ-5D questionnaire.","exampleCanonical":"https://www.napkon.de/fhir/StructureDefinition/geccoplus-eq5d-response","groupingId":"-ex-example"},{"extension":[{"url":"http://hl7.org/fhir/StructureDefinition/implementationguide-page","valueUri":"Questionnaire-Eq5dQuestionaire.html"}],"reference":{"reference":"Questionnaire/Eq5dQuestionaire"},"name":"EQ-5D Questionnaire","description":"EQ-5D is a standardised measure of health-related quality of life developed by the EuroQol Group to provide a simple, generic questionnaire for use in clinical and economic appraisal and population health surveys.","exampleBoolean":false,"groupingId":"-str-questionnaire"},{"extension":[{"url":"http://hl7.org/fhir/StructureDefinition/implementationguide-page","valueUri":"Patient-ExamplePatient.html"}],"reference":{"reference":"Patient/ExamplePatient"},"name":"ExamplePatient","description":"Example patient to be used as reference in other instances","exampleBoolean":true,"groupingId":"-ex-example"},{"extension":[{"url":"http://hl7.org/fhir/StructureDefinition/implementationguide-page","valueUri":"Observation-HighestSchoolDegreeExample.html"}],"reference":{"reference":"Observation/HighestSchoolDegreeExample"},"name":"Highest School Degree Example","description":"Example of a achieved school degree","exampleCanonical":"https://www.napkon.de/fhir/StructureDefinition/geccoplus-highest-school-degree","groupingId":"-ex-example"},{"extension":[{"url":"http://hl7.org/fhir/StructureDefinition/implementationguide-page","valueUri":"QuestionnaireResponse-PROMSExample.html"}],"reference":{"reference":"QuestionnaireResponse/PROMSExample"},"name":"PROMs Questionnaire example responses","description":"Example as part of an answer to the PROMs questionnaire.","exampleCanonical":"https://www.napkon.de/fhir/StructureDefinition/geccoplus-proms-response","groupingId":"-ex-example"},{"extension":[{"url":"http://hl7.org/fhir/StructureDefinition/implementationguide-page","valueUri":"Questionnaire-PROMsQuestionnaire.html"}],"reference":{"reference":"Questionnaire/PROMsQuestionnaire"},"name":"PROMs Questionnaire","description":"PROMs questionnaire in the context of GECCO+","exampleBoolean":false,"groupingId":"-str-questionnaire"},{"extension":[{"url":"http://hl7.org/fhir/StructureDefinition/implementationguide-page","valueUri":"Condition-SymptomConfirmed.html"}],"reference":{"reference":"Condition/SymptomConfirmed"},"name":"Instance of profile symptoms in the context of geccoplus","description":"Example of symptoms with snomed coding","exampleCanonical":"https://www.napkon.de/fhir/StructureDefinition/geccoplus-symptoms","groupingId":"-ex-example"},{"extension":[{"url":"http://hl7.org/fhir/StructureDefinition/implementationguide-page","valueUri":"Condition-SymptomRefuted.html"}],"reference":{"reference":"Condition/SymptomRefuted"},"name":"Instance of profile symptoms in the context of geccoplus","description":"Example of symptoms with snomed coding","exampleCanonical":"https://www.napkon.de/fhir/StructureDefinition/geccoplus-symptoms","groupingId":"-ex-example"},{"extension":[{"url":"http://hl7.org/fhir/StructureDefinition/implementationguide-page","valueUri":"Condition-SymptomUnknown.html"}],"reference":{"reference":"Condition/SymptomUnknown"},"name":"Instance of profile symptoms in the context of geccoplus","description":"Example of symptoms with snomed coding","exampleCanonical":"https://www.napkon.de/fhir/StructureDefinition/geccoplus-symptoms","groupingId":"-ex-example"},{"extension":[{"url":"http://hl7.org/fhir/StructureDefinition/implementationguide-page","valueUri":"Observation-UrineDiagnosticsNitriteExample.html"}],"reference":{"reference":"Observation/UrineDiagnosticsNitriteExample"},"name":"Urine Diagnostics Example","description":"Confirmed presence of nitrite in urine","exampleCanonical":"https://www.napkon.de/fhir/StructureDefinition/geccoplus-urine-diagnostics","groupingId":"-ex-example"},{"extension":[{"url":"http://hl7.org/fhir/StructureDefinition/implementationguide-page","valueUri":"Observation-UrineDiagnosticsNoKetonesExample.html"}],"reference":{"reference":"Observation/UrineDiagnosticsNoKetonesExample"},"name":"Urine Diagnostics No Ketones Example","description":"Confirmed absence of ketones in urine","exampleCanonical":"https://www.napkon.de/fhir/StructureDefinition/geccoplus-urine-diagnostics","groupingId":"-ex-example"},{"extension":[{"url":"http://hl7.org/fhir/StructureDefinition/implementationguide-page","valueUri":"Observation-UrineSpecificGravityExample.html"}],"reference":{"reference":"Observation/UrineSpecificGravityExample"},"name":"Urine Specific Gravity Example","description":"Example of a specific gravity of urine","exampleCanonical":"https://www.napkon.de/fhir/StructureDefinition/geccoplus-urine-specific-gravity","groupingId":"-ex-example"},{"extension":[{"url":"http://hl7.org/fhir/StructureDefinition/implementationguide-page","valueUri":"Observation-UrobilinogenNormal.html"}],"reference":{"reference":"Observation/UrobilinogenNormal"},"name":"Urobilinogen Normal","description":"Example of a normal urine urobilinogen observation","exampleCanonical":"https://www.napkon.de/fhir/StructureDefinition/geccoplus-urine-urobilinogen","groupingId":"-ex-example"},{"extension":[{"url":"http://hl7.org/fhir/StructureDefinition/implementationguide-page","valueUri":"Observation-UrobilinogenPathologic.html"}],"reference":{"reference":"Observation/UrobilinogenPathologic"},"name":"Urobilinogen Pathologic","description":"Example of a pathologic urine urobilinogen observation","exampleCanonical":"https://www.napkon.de/fhir/StructureDefinition/geccoplus-urine-urobilinogen","groupingId":"-ex-example"},{"extension":[{"url":"http://hl7.org/fhir/StructureDefinition/implementationguide-page","valueUri":"Condition-instance-allergies-confirmed.html"}],"reference":{"reference":"Condition/instance-allergies-confirmed"},"name":"Instance of profile allergies with expression -confirmed- in the context of geccoplus.","description":"Example of allergies with snomed coding","exampleCanonical":"https://www.napkon.de/fhir/StructureDefinition/geccoplus-allergy","groupingId":"-ex-example"},{"extension":[{"url":"http://hl7.org/fhir/StructureDefinition/implementationguide-page","valueUri":"Condition-instance-allergies-refuted.html"}],"reference":{"reference":"Condition/instance-allergies-refuted"},"name":"Instance of profile allergies with expression -refuted- in the context of geccoplus.","description":"Example of allergies with snomed coding","exampleCanonical":"https://www.napkon.de/fhir/StructureDefinition/geccoplus-allergy","groupingId":"-ex-example"},{"extension":[{"url":"http://hl7.org/fhir/StructureDefinition/implementationguide-page","valueUri":"Condition-instance-allergies-unknown.html"}],"reference":{"reference":"Condition/instance-allergies-unknown"},"name":"Instance of profile allergies with expression -unknown- in the context of geccoplus.","description":"Example of allergies with snomed coding","exampleCanonical":"https://www.napkon.de/fhir/StructureDefinition/geccoplus-allergy","groupingId":"-ex-example"}],"page":{"nameUrl":"toc.html","title":"Table of Contents","generation":"html","page":[{"nameUrl":"index.html","title":"Home","generation":"markdown"},{"nameUrl":"artifacts.html","title":"Artifacts Summary","generation":"html","page":[{"nameUrl":"Questionnaire-Eq5dQuestionaire.html","title":"EQ-5D Questionnaire","generation":"generated"},{"nameUrl":"Questionnaire-PROMsQuestionnaire.html","title":"PROMs Questionnaire","generation":"generated"},{"nameUrl":"StructureDefinition-geccoplus-allergy.html","title":"Allergies","generation":"generated"},{"nameUrl":"StructureDefinition-geccoplus-eq5d-response.html","title":"EQ5D Questionnaire Response","generation":"generated"},{"nameUrl":"StructureDefinition-geccoplus-highest-school-degree.html","title":"Highest school degree","generation":"generated"},{"nameUrl":"StructureDefinition-geccoplus-proms-response.html","title":"PROMS Response","generation":"generated"},{"nameUrl":"StructureDefinition-geccoplus-symptoms.html","title":"Symptoms","generation":"generated"},{"nameUrl":"StructureDefinition-geccoplus-urine-diagnostics.html","title":"Urine Diagnostics","generation":"generated"},{"nameUrl":"StructureDefinition-geccoplus-urine-specific-gravity.html","title":"Urine Specific Gravity","generation":"generated"},{"nameUrl":"StructureDefinition-geccoplus-urine-urobilinogen.html","title":"Urine Urobilinogen","generation":"generated"},{"nameUrl":"ValueSet-geccoplus-allergies-icd.html","title":"Allergies","generation":"generated"},{"nameUrl":"ValueSet-geccoplus-allergies-sct.html","title":"Allergies","generation":"generated"},{"nameUrl":"ValueSet-detected-not-detected-unknown-undetermined.html","title":"Detected Not Detected Unknown Undetermined","generation":"generated"},{"nameUrl":"ValueSet-geccoplus-eq5d-s1-responses.html","title":"EQ5D section one answers","generation":"generated"},{"nameUrl":"ValueSet-geccoplus-eq5d-s2-responses.html","title":"EQ5D section two answers","generation":"generated"},{"nameUrl":"ValueSet-geccoplus-eq5d-s3-responses.html","title":"EQ5D section three answers","generation":"generated"},{"nameUrl":"ValueSet-geccoplus-eq5d-s4-responses.html","title":"EQ5D section four answers","generation":"generated"},{"nameUrl":"ValueSet-geccoplus-eq5d-s5-responses.html","title":"EQ5D section five answers","generation":"generated"},{"nameUrl":"ValueSet-geccoplus-laboratory-diagnostics.html","title":"Laboratory Diagnostics","generation":"generated"},{"nameUrl":"ValueSet-geccoplus-normal-pathologic.html","title":"Normal Pathologic","generation":"generated"},{"nameUrl":"ValueSet-geccoplus-proms-responses.html","title":"Proms in the context of GECCOplus","generation":"generated"},{"nameUrl":"ValueSet-geccoplus-positive-negative.html","title":"Positive Negative Codes","generation":"generated"},{"nameUrl":"ValueSet-present-not-present-undetermined-other.html","title":"Present Not Present Undetermined Other","generation":"generated"},{"nameUrl":"ValueSet-restricted-event-status.html","title":"RestrictedEventStatus","generation":"generated"},{"nameUrl":"ValueSet-geccoplus-school-degree.html","title":"School Degree","generation":"generated"},{"nameUrl":"ValueSet-geccoplus-symptoms-icd.html","title":"Symptoms","generation":"generated"},{"nameUrl":"ValueSet-geccoplus-symptoms-sct.html","title":"Symptoms","generation":"generated"},{"nameUrl":"ValueSet-urine-diagnostics.html","title":"Urine Diagnostics","generation":"generated"},{"nameUrl":"ValueSet-urine-specific-gravity.html","title":"Urine Specific Gravity","generation":"generated"},{"nameUrl":"ValueSet-urobilinogen-diagnostics.html","title":"Urobilinogen Diagnostics","generation":"generated"},{"nameUrl":"ValueSet-yes-no-unknown.html","title":"Yes No Unknown","generation":"generated"},{"nameUrl":"CodeSystem-geccoplus-codesystem.html","title":"GECCOplus Module Codes","generation":"generated"},{"nameUrl":"QuestionnaireResponse-EQ5DResponse.html","title":"Example responses to EQ-5D questionnaire","generation":"generated"},{"nameUrl":"Patient-ExamplePatient.html","title":"ExamplePatient","generation":"generated"},{"nameUrl":"Observation-HighestSchoolDegreeExample.html","title":"Highest School Degree Example","generation":"generated"},{"nameUrl":"QuestionnaireResponse-PROMSExample.html","title":"PROMs Questionnaire example responses","generation":"generated"},{"nameUrl":"Condition-SymptomConfirmed.html","title":"Instance of profile symptoms in the context of geccoplus","generation":"generated"},{"nameUrl":"Condition-SymptomRefuted.html","title":"Instance of profile symptoms in the context of geccoplus","generation":"generated"},{"nameUrl":"Condition-SymptomUnknown.html","title":"Instance of profile symptoms in the context of geccoplus","generation":"generated"},{"nameUrl":"Observation-UrineDiagnosticsNitriteExample.html","title":"Urine Diagnostics Example","generation":"generated"},{"nameUrl":"Observation-UrineDiagnosticsNoKetonesExample.html","title":"Urine Diagnostics No Ketones Example","generation":"generated"},{"nameUrl":"Observation-UrineSpecificGravityExample.html","title":"Urine Specific Gravity Example","generation":"generated"},{"nameUrl":"Observation-UrobilinogenNormal.html","title":"Urobilinogen Normal","generation":"generated"},{"nameUrl":"Observation-UrobilinogenPathologic.html","title":"Urobilinogen Pathologic","generation":"generated"},{"nameUrl":"Condition-instance-allergies-confirmed.html","title":"Instance of profile allergies with expression -confirmed- in the context of geccoplus.","generation":"generated"},{"nameUrl":"Condition-instance-allergies-refuted.html","title":"Instance of profile allergies with expression -refuted- in the context of geccoplus.","generation":"generated"},{"nameUrl":"Condition-instance-allergies-unknown.html","title":"Instance of profile allergies with expression -unknown- in the context of geccoplus.","generation":"generated"}]}]},"parameter":[{"code":"path-resource","value":"input/capabilities"},{"code":"path-resource","value":"input/examples"},{"code":"path-resource","value":"input/extensions"},{"code":"path-resource","value":"input/models"},{"code":"path-resource","value":"input/operations"},{"code":"path-resource","value":"input/profiles"},{"code":"path-resource","value":"input/resources"},{"code":"path-resource","value":"input/vocabulary"},{"code":"path-resource","value":"input/maps"},{"code":"path-resource","value":"input/testing"},{"code":"path-resource","value":"input/history"},{"code":"path-resource","value":"fsh-generated/resources"},{"code":"path-pages","value":"template/config"},{"code":"path-pages","value":"input/images"},{"code":"path-tx-cache","value":"input-cache/txcache"}]}}