{"resourceType":"ValueSet","id":"geccoplus-positive-negative","text":{"status":"generated","div":"<div xmlns=\"http://www.w3.org/1999/xhtml\"><ul><li>Include these codes as defined in <a href=\"http://www.snomed.org/\"><code>http://snomed.info/sct</code></a><table class=\"none\"><tr><td style=\"white-space:nowrap\"><b>Code</b></td><td><b>Display</b></td></tr><tr><td><a href=\"http://browser.ihtsdotools.org/?perspective=full&amp;conceptId1=10828004\">10828004</a></td><td>Positive (qualifier value)</td></tr><tr><td><a href=\"http://browser.ihtsdotools.org/?perspective=full&amp;conceptId1=260385009\">260385009</a></td><td>Negative (qualifier value)</td></tr></table></li></ul></div>"},"url":"https://www.napkon.de/fhir/ValueSet/geccoplus-positive-negative","version":"1.0.0","name":"PositiveNegative","title":"Positive Negative Codes","status":"active","date":"2021-12-07","publisher":"Charité - Universitätsmedizin Berlin","contact":[{"telecom":[{"system":"url","value":"https://www.bihealth.org/en/research/core-facilities/interoperability/"}]}],"description":"Positive / Negative Codes in the context of NAPKON GECCO+ Module","compose":{"include":[{"system":"http://snomed.info/sct","concept":[{"code":"10828004","display":"Positive (qualifier value)"},{"code":"260385009","display":"Negative (qualifier value)"}]}]}}