{"resourceType":"ValueSet","id":"urine-specific-gravity","text":{"status":"generated","div":"<div xmlns=\"http://www.w3.org/1999/xhtml\"><ul><li>Include these codes as defined in <a href=\"http://loinc.org\"><code>http://loinc.org</code></a><table class=\"none\"><tr><td style=\"white-space:nowrap\"><b>Code</b></td><td><b>Display</b></td></tr><tr><td><a href=\"http://details.loinc.org/LOINC/2965-2.html\">2965-2</a></td><td>Specific gravity of Urine</td></tr><tr><td><a href=\"http://details.loinc.org/LOINC/2966-0.html\">2966-0</a></td><td>Specific gravity of 24 hour Urine</td></tr><tr><td><a href=\"http://details.loinc.org/LOINC/5810-7.html\">5810-7</a></td><td>Specific gravity of Urine by Refractometry</td></tr><tr><td><a href=\"http://details.loinc.org/LOINC/44933-0.html\">44933-0</a></td><td>Specific gravity of 24 hour Urine by Refractometry</td></tr><tr><td><a href=\"http://details.loinc.org/LOINC/5811-5.html\">5811-5</a></td><td>Specific gravity of Urine by Test strip</td></tr></table></li></ul></div>"},"url":"https://www.napkon.de/fhir/ValueSet/urine-specific-gravity","version":"0.1.0","name":"UrineSpecificGravity","title":"Urine Specific Gravity","status":"draft","date":"2021-12-01","publisher":"Charité - Universitätsmedizin Berlin","contact":[{"name":"Charité - Universitätsmedizin Berlin","telecom":[{"system":"url","value":"https://www.netzwerk-universitaetsmedizin.de"}]}],"description":"Specific gravity of urine","compose":{"include":[{"system":"http://loinc.org","concept":[{"code":"2965-2","display":"Specific gravity of Urine"},{"code":"2966-0","display":"Specific gravity of 24 hour Urine"},{"code":"5810-7","display":"Specific gravity of Urine by Refractometry"},{"code":"44933-0","display":"Specific gravity of 24 hour Urine by Refractometry"},{"code":"5811-5","display":"Specific gravity of Urine by Test strip"}]}]}}