{
  "resourceType": "CodeSystem",
  "id": "geccoplus-codesystem",
  "text": {
    "status": "generated",
    "div": "<div xmlns=\"http://www.w3.org/1999/xhtml\"><p>This code system https://www.napkon.de/fhir/CodeSystem/geccoplus-codesystem defines the following codes:</p><table class=\"codes\"><tr><td style=\"white-space:nowrap\"><b>Code</b></td><td><b>Display</b></td></tr><tr><td style=\"white-space:nowrap\">s1<a name=\"geccoplus-codesystem-s1\"> </a></td><td>Agility and mobility</td></tr><tr><td style=\"white-space:nowrap\">s2<a name=\"geccoplus-codesystem-s2\"> </a></td><td>Self-sufficiency</td></tr><tr><td style=\"white-space:nowrap\">s3<a name=\"geccoplus-codesystem-s3\"> </a></td><td>Daily activities</td></tr><tr><td style=\"white-space:nowrap\">s4<a name=\"geccoplus-codesystem-s4\"> </a></td><td>Pain and discomfort</td></tr><tr><td style=\"white-space:nowrap\">s5<a name=\"geccoplus-codesystem-s5\"> </a></td><td>Anxiety and depression</td></tr><tr><td style=\"white-space:nowrap\">11<a name=\"geccoplus-codesystem-11\"> </a></td><td>I have no problems in walking about.</td></tr><tr><td style=\"white-space:nowrap\">12<a name=\"geccoplus-codesystem-12\"> </a></td><td>I have slight problems in walking about.</td></tr><tr><td style=\"white-space:nowrap\">13<a name=\"geccoplus-codesystem-13\"> </a></td><td>I have moderate problems in walking about.</td></tr><tr><td style=\"white-space:nowrap\">14<a name=\"geccoplus-codesystem-14\"> </a></td><td>I have severe problems in walking about.</td></tr><tr><td style=\"white-space:nowrap\">15<a name=\"geccoplus-codesystem-15\"> </a></td><td>I am unable to walk about.</td></tr><tr><td style=\"white-space:nowrap\">16<a name=\"geccoplus-codesystem-16\"> </a></td><td>No information available.</td></tr><tr><td style=\"white-space:nowrap\">21<a name=\"geccoplus-codesystem-21\"> </a></td><td>I have no problems washing or dressing myself.</td></tr><tr><td style=\"white-space:nowrap\">22<a name=\"geccoplus-codesystem-22\"> </a></td><td>I have slight problems washing or dressing myself.</td></tr><tr><td style=\"white-space:nowrap\">23<a name=\"geccoplus-codesystem-23\"> </a></td><td>I have moderate problems washing or dressing myself.</td></tr><tr><td style=\"white-space:nowrap\">24<a name=\"geccoplus-codesystem-24\"> </a></td><td>I have severe problems washing or dressing myself.</td></tr><tr><td style=\"white-space:nowrap\">25<a name=\"geccoplus-codesystem-25\"> </a></td><td>I am unable to wash or dress myself.</td></tr><tr><td style=\"white-space:nowrap\">26<a name=\"geccoplus-codesystem-26\"> </a></td><td>No information available.</td></tr><tr><td style=\"white-space:nowrap\">31<a name=\"geccoplus-codesystem-31\"> </a></td><td>I have no problems doing my usual activities.</td></tr><tr><td style=\"white-space:nowrap\">32<a name=\"geccoplus-codesystem-32\"> </a></td><td>I have slight problems doing my usual activities.</td></tr><tr><td style=\"white-space:nowrap\">33<a name=\"geccoplus-codesystem-33\"> </a></td><td>I have moderate problems doing my usual activities.</td></tr><tr><td style=\"white-space:nowrap\">34<a name=\"geccoplus-codesystem-34\"> </a></td><td>I have severe problems doing my usual activities.</td></tr><tr><td style=\"white-space:nowrap\">35<a name=\"geccoplus-codesystem-35\"> </a></td><td>I am unable to do my usual activities.</td></tr><tr><td style=\"white-space:nowrap\">36<a name=\"geccoplus-codesystem-36\"> </a></td><td>No information available.</td></tr><tr><td style=\"white-space:nowrap\">41<a name=\"geccoplus-codesystem-41\"> </a></td><td>I have no pain or discomfort.</td></tr><tr><td style=\"white-space:nowrap\">42<a name=\"geccoplus-codesystem-42\"> </a></td><td>I have slight pain or discomfort.</td></tr><tr><td style=\"white-space:nowrap\">43<a name=\"geccoplus-codesystem-43\"> </a></td><td>I have moderate pain or discomfort.</td></tr><tr><td style=\"white-space:nowrap\">44<a name=\"geccoplus-codesystem-44\"> </a></td><td>I have severe pain or discomfort.</td></tr><tr><td style=\"white-space:nowrap\">45<a name=\"geccoplus-codesystem-45\"> </a></td><td>I have extreme pain or discomfort.</td></tr><tr><td style=\"white-space:nowrap\">46<a name=\"geccoplus-codesystem-46\"> </a></td><td>No information available.</td></tr><tr><td style=\"white-space:nowrap\">51<a name=\"geccoplus-codesystem-51\"> </a></td><td>I am not anxious or depressed.</td></tr><tr><td style=\"white-space:nowrap\">52<a name=\"geccoplus-codesystem-52\"> </a></td><td>I am slightly anxious or depressed.</td></tr><tr><td style=\"white-space:nowrap\">53<a name=\"geccoplus-codesystem-53\"> </a></td><td>I am moderately anxious or depressed.</td></tr><tr><td style=\"white-space:nowrap\">54<a name=\"geccoplus-codesystem-54\"> </a></td><td>I am severely anxious or depressed.</td></tr><tr><td style=\"white-space:nowrap\">55<a name=\"geccoplus-codesystem-55\"> </a></td><td>I am extremely anxious or depressed.</td></tr><tr><td style=\"white-space:nowrap\">56<a name=\"geccoplus-codesystem-56\"> </a></td><td>No information available.</td></tr><tr><td style=\"white-space:nowrap\">s6<a name=\"geccoplus-codesystem-s6\"> </a></td><td>Lift something that weighs 4.5kg - 9.0kg (e.g. a large bag of food).</td></tr><tr><td style=\"white-space:nowrap\">s7<a name=\"geccoplus-codesystem-s7\"> </a></td><td>Carrying something that weighs 4.5kg - 9.0 kg (e.g. a large bag of food) from one room to another room.</td></tr><tr><td style=\"white-space:nowrap\">s8<a name=\"geccoplus-codesystem-s8\"> </a></td><td>Walk approximately 1 km (faster than your normal pace) without stopping.</td></tr><tr><td style=\"white-space:nowrap\">s9<a name=\"geccoplus-codesystem-s9\"> </a></td><td>Walk 50 steps on level ground at a normal pace without stopping.</td></tr><tr><td style=\"white-space:nowrap\">s10<a name=\"geccoplus-codesystem-s10\"> </a></td><td>Walk up 20 steps or two flights of stairs without stopping.</td></tr><tr><td style=\"white-space:nowrap\">s11<a name=\"geccoplus-codesystem-s11\"> </a></td><td>Sweep or mop the floor.</td></tr><tr><td style=\"white-space:nowrap\">s12<a name=\"geccoplus-codesystem-s12\"> </a></td><td>Dressing without help.</td></tr><tr><td style=\"white-space:nowrap\">s13<a name=\"geccoplus-codesystem-s13\"> </a></td><td>Preparing meals.</td></tr><tr><td style=\"white-space:nowrap\">s14<a name=\"geccoplus-codesystem-s14\"> </a></td><td>Washing dishes.</td></tr><tr><td style=\"white-space:nowrap\">s15<a name=\"geccoplus-codesystem-s15\"> </a></td><td>Making a bed.</td></tr><tr><td style=\"white-space:nowrap\">61<a name=\"geccoplus-codesystem-61\"> </a></td><td>No difficulties.</td></tr><tr><td style=\"white-space:nowrap\">62<a name=\"geccoplus-codesystem-62\"> </a></td><td>Mild difficulties.</td></tr><tr><td style=\"white-space:nowrap\">63<a name=\"geccoplus-codesystem-63\"> </a></td><td>Moderate difficulties.</td></tr><tr><td style=\"white-space:nowrap\">64<a name=\"geccoplus-codesystem-64\"> </a></td><td>Severe difficulties.</td></tr><tr><td style=\"white-space:nowrap\">65<a name=\"geccoplus-codesystem-65\"> </a></td><td>I haven't done this in the past 7 days.</td></tr><tr><td style=\"white-space:nowrap\">66<a name=\"geccoplus-codesystem-66\"> </a></td><td>No information available.</td></tr><tr><td style=\"white-space:nowrap\">71<a name=\"geccoplus-codesystem-71\"> </a></td><td>Volks-/Hauptschulabschluss</td></tr><tr><td style=\"white-space:nowrap\">72<a name=\"geccoplus-codesystem-72\"> </a></td><td>Realschulabschluss/Mittlere Reife</td></tr><tr><td style=\"white-space:nowrap\">73<a name=\"geccoplus-codesystem-73\"> </a></td><td>Fachhochschulabschluss</td></tr></table></div>"
  },
  "url": "https://www.napkon.de/fhir/CodeSystem/geccoplus-codesystem",
  "version": "0.1.0",
  "name": "GECCOPlus",
  "title": "GECCOplus Module Codes",
  "status": "active",
  "date": "2021-12-17T11:18:04+00:00",
  "publisher": "Charité - Universitätsmedizin Berlin",
  "contact": [
    {
      "name": "Charité - Universitätsmedizin Berlin",
      "telecom": [
        {
          "system": "url",
          "value": "https://www.netzwerk-universitaetsmedizin.de"
        }
      ]
    }
  ],
  "description": "GECCOplus Module Code System - Collection of codes that are missing from common terminologies such as SNOMED CT",
  "content": "complete",
  "count": 54,
  "concept": [
    {
      "code": "s1",
      "display": "Agility and mobility"
    },
    {
      "code": "s2",
      "display": "Self-sufficiency"
    },
    {
      "code": "s3",
      "display": "Daily activities"
    },
    {
      "code": "s4",
      "display": "Pain and discomfort"
    },
    {
      "code": "s5",
      "display": "Anxiety and depression"
    },
    {
      "code": "11",
      "display": "I have no problems in walking about."
    },
    {
      "code": "12",
      "display": "I have slight problems in walking about."
    },
    {
      "code": "13",
      "display": "I have moderate problems in walking about."
    },
    {
      "code": "14",
      "display": "I have severe problems in walking about."
    },
    {
      "code": "15",
      "display": "I am unable to walk about."
    },
    {
      "code": "16",
      "display": "No information available."
    },
    {
      "code": "21",
      "display": "I have no problems washing or dressing myself."
    },
    {
      "code": "22",
      "display": "I have slight problems washing or dressing myself."
    },
    {
      "code": "23",
      "display": "I have moderate problems washing or dressing myself."
    },
    {
      "code": "24",
      "display": "I have severe problems washing or dressing myself."
    },
    {
      "code": "25",
      "display": "I am unable to wash or dress myself."
    },
    {
      "code": "26",
      "display": "No information available."
    },
    {
      "code": "31",
      "display": "I have no problems doing my usual activities."
    },
    {
      "code": "32",
      "display": "I have slight problems doing my usual activities."
    },
    {
      "code": "33",
      "display": "I have moderate problems doing my usual activities."
    },
    {
      "code": "34",
      "display": "I have severe problems doing my usual activities."
    },
    {
      "code": "35",
      "display": "I am unable to do my usual activities."
    },
    {
      "code": "36",
      "display": "No information available."
    },
    {
      "code": "41",
      "display": "I have no pain or discomfort."
    },
    {
      "code": "42",
      "display": "I have slight pain or discomfort."
    },
    {
      "code": "43",
      "display": "I have moderate pain or discomfort."
    },
    {
      "code": "44",
      "display": "I have severe pain or discomfort."
    },
    {
      "code": "45",
      "display": "I have extreme pain or discomfort."
    },
    {
      "code": "46",
      "display": "No information available."
    },
    {
      "code": "51",
      "display": "I am not anxious or depressed."
    },
    {
      "code": "52",
      "display": "I am slightly anxious or depressed."
    },
    {
      "code": "53",
      "display": "I am moderately anxious or depressed."
    },
    {
      "code": "54",
      "display": "I am severely anxious or depressed."
    },
    {
      "code": "55",
      "display": "I am extremely anxious or depressed."
    },
    {
      "code": "56",
      "display": "No information available."
    },
    {
      "code": "s6",
      "display": "Lift something that weighs 4.5kg - 9.0kg (e.g. a large bag of food)."
    },
    {
      "code": "s7",
      "display": "Carrying something that weighs 4.5kg - 9.0 kg (e.g. a large bag of food) from one room to another room."
    },
    {
      "code": "s8",
      "display": "Walk approximately 1 km (faster than your normal pace) without stopping."
    },
    {
      "code": "s9",
      "display": "Walk 50 steps on level ground at a normal pace without stopping."
    },
    {
      "code": "s10",
      "display": "Walk up 20 steps or two flights of stairs without stopping."
    },
    {
      "code": "s11",
      "display": "Sweep or mop the floor."
    },
    {
      "code": "s12",
      "display": "Dressing without help."
    },
    {
      "code": "s13",
      "display": "Preparing meals."
    },
    {
      "code": "s14",
      "display": "Washing dishes."
    },
    {
      "code": "s15",
      "display": "Making a bed."
    },
    {
      "code": "61",
      "display": "No difficulties."
    },
    {
      "code": "62",
      "display": "Mild difficulties."
    },
    {
      "code": "63",
      "display": "Moderate difficulties."
    },
    {
      "code": "64",
      "display": "Severe difficulties."
    },
    {
      "code": "65",
      "display": "I haven't done this in the past 7 days."
    },
    {
      "code": "66",
      "display": "No information available."
    },
    {
      "code": "71",
      "display": "Volks-/Hauptschulabschluss"
    },
    {
      "code": "72",
      "display": "Realschulabschluss/Mittlere Reife"
    },
    {
      "code": "73",
      "display": "Fachhochschulabschluss"
    }
  ]
}