{
  "resourceType": "ValueSet",
  "id": "geccoplus-laboratory-diagnostics",
  "text": {
    "status": "generated",
    "div": "<div xmlns=\"http://www.w3.org/1999/xhtml\"><ul><li>Include these codes as defined in <a href=\"http://loinc.org\"><code>http://loinc.org</code></a><table class=\"none\"><tr><td style=\"white-space:nowrap\"><b>Code</b></td><td><b>Display</b></td></tr><tr><td><a href=\"http://details.loinc.org/LOINC/70218-3.html\">70218-3</a></td><td>Triglyceride [Moles/volume] in Blood</td></tr><tr><td><a href=\"http://details.loinc.org/LOINC/59572-8.html\">59572-8</a></td><td>Triglyceride [Moles/volume] in Urine</td></tr><tr><td><a href=\"http://details.loinc.org/LOINC/3043-7.html\">3043-7</a></td><td>Triglyceride [Mass/volume] in Blood</td></tr><tr><td><a href=\"http://details.loinc.org/LOINC/14450-1.html\">14450-1</a></td><td>Triglyceride [Mass/volume] in Urine</td></tr><tr><td><a href=\"http://details.loinc.org/LOINC/3040-3.html\">3040-3</a></td><td>Lipase [Enzymatic activity/volume] in Serum or Plasma</td></tr><tr><td><a href=\"http://details.loinc.org/LOINC/10888-6.html\">10888-6</a></td><td>Lipase [Enzymatic activity/volume] in Urine</td></tr><tr><td><a href=\"http://details.loinc.org/LOINC/15212-4.html\">15212-4</a></td><td>Lipase [Enzymatic activity/volume] in Body fluid</td></tr><tr><td><a href=\"http://details.loinc.org/LOINC/25992-9.html\">25992-9</a></td><td>Lipase [Enzymatic activity/volume] in 24 hour Urine</td></tr><tr><td><a href=\"http://details.loinc.org/LOINC/2951-2.html\">2951-2</a></td><td>Sodium [Moles/volume] in Serum or Plasma</td></tr><tr><td><a href=\"http://details.loinc.org/LOINC/39791-9.html\">39791-9</a></td><td>Sodium [Moles/volume] in Venous blood</td></tr><tr><td><a href=\"http://details.loinc.org/LOINC/32717-1.html\">32717-1</a></td><td>Sodium [Moles/volume] in Arterial blood</td></tr><tr><td><a href=\"http://details.loinc.org/LOINC/2947-0.html\">2947-0</a></td><td>Sodium [Moles/volume] in Blood</td></tr><tr><td><a href=\"http://details.loinc.org/LOINC/2955-3.html\">2955-3</a></td><td>Sodium [Moles/volume] in Urine</td></tr><tr><td><a href=\"http://details.loinc.org/LOINC/72903-8.html\">72903-8</a></td><td>Urea [Moles/volume] in Blood</td></tr><tr><td><a href=\"http://details.loinc.org/LOINC/22700-9.html\">22700-9</a></td><td>Urea [Moles/volume] in Urine</td></tr><tr><td><a href=\"http://details.loinc.org/LOINC/20977-5.html\">20977-5</a></td><td>Urea [Mass/volume] in Blood</td></tr><tr><td><a href=\"http://details.loinc.org/LOINC/3092-4.html\">3092-4</a></td><td>Urea [Mass/volume] in Urine</td></tr><tr><td><a href=\"http://details.loinc.org/LOINC/75940-7.html\">75940-7</a></td><td>Potassium [Mass/volume] in Blood</td></tr><tr><td><a href=\"http://details.loinc.org/LOINC/87454-5.html\">87454-5</a></td><td>Potassium [Mass/volume] in Specimen</td></tr><tr><td><a href=\"http://details.loinc.org/LOINC/6298-4.html\">6298-4</a></td><td>Potassium [Moles/volume] in Blood</td></tr><tr><td><a href=\"http://details.loinc.org/LOINC/2828-2.html\">2828-2</a></td><td>Potassium [Moles/volume] in Urine</td></tr><tr><td><a href=\"http://details.loinc.org/LOINC/32713-0.html\">32713-0</a></td><td>Potassium [Moles/volume] in Arterial blood</td></tr><tr><td><a href=\"http://details.loinc.org/LOINC/39790-1.html\">39790-1</a></td><td>Potassium [Moles/volume] in Capillary blood</td></tr><tr><td><a href=\"http://details.loinc.org/LOINC/39789-3.html\">39789-3</a></td><td>Potassium [Moles/volume] in Venous blood</td></tr><tr><td><a href=\"http://details.loinc.org/LOINC/2823-3.html\">2823-3</a></td><td>Potassium [Moles/volume] in Serum or Plasma</td></tr><tr><td><a href=\"http://details.loinc.org/LOINC/2821-7.html\">2821-7</a></td><td>Potassium [Moles/volume] in Body fluid</td></tr><tr><td><a href=\"http://details.loinc.org/LOINC/32673-6.html\">32673-6</a></td><td>Creatine kinase.MB [Enzymatic activity/volume] in Serum or Plasma</td></tr><tr><td><a href=\"http://details.loinc.org/LOINC/51506-4.html\">51506-4</a></td><td>Creatine kinase.MB [Enzymatic activity/volume] in Cerebral spinal fluid by Electrophoresis</td></tr><tr><td><a href=\"http://details.loinc.org/LOINC/2154-3.html\">2154-3</a></td><td>Creatine kinase.MB [Enzymatic activity/volume] in Serum or Plasma by Electrophoresis</td></tr><tr><td><a href=\"http://details.loinc.org/LOINC/54370-2.html\">54370-2</a></td><td>Chloride [Mass/volume] in Body fluid</td></tr><tr><td><a href=\"http://details.loinc.org/LOINC/2078-4.html\">2078-4</a></td><td>Chloride [Moles/volume] in Urine</td></tr><tr><td><a href=\"http://details.loinc.org/LOINC/2069-3.html\">2069-3</a></td><td>Chloride [Moles/volume] in Blood</td></tr><tr><td><a href=\"http://details.loinc.org/LOINC/32307-1.html\">32307-1</a></td><td>Chloride [Moles/volume] in Specimen</td></tr><tr><td><a href=\"http://details.loinc.org/LOINC/41650-3.html\">41650-3</a></td><td>Chloride [Moles/volume] in Arterial blood</td></tr><tr><td><a href=\"http://details.loinc.org/LOINC/41649-5.html\">41649-5</a></td><td>Chloride [Moles/volume] in Venous blood</td></tr><tr><td><a href=\"http://details.loinc.org/LOINC/2075-0.html\">2075-0</a></td><td>Chloride [Moles/volume] in Serum or Plasma</td></tr><tr><td><a href=\"http://details.loinc.org/LOINC/42908-4.html\">42908-4</a></td><td>Hematocrit [Volume Fraction] of Capillary blood</td></tr><tr><td><a href=\"http://details.loinc.org/LOINC/41654-5.html\">41654-5</a></td><td>Hematocrit [Volume Fraction] of Venous blood</td></tr><tr><td><a href=\"http://details.loinc.org/LOINC/32354-3.html\">32354-3</a></td><td>Hematocrit [Volume Fraction] of Arterial blood</td></tr><tr><td><a href=\"http://details.loinc.org/LOINC/17809-5.html\">17809-5</a></td><td>Hematocrit [Volume Fraction] of Urine</td></tr><tr><td><a href=\"http://details.loinc.org/LOINC/20570-8.html\">20570-8</a></td><td>Hematocrit [Volume Fraction] of Blood</td></tr><tr><td><a href=\"http://details.loinc.org/LOINC/27298-9.html\">27298-9</a></td><td>Protein [Units/volume] in Urine</td></tr><tr><td><a href=\"http://details.loinc.org/LOINC/21482-5.html\">21482-5</a></td><td>Protein [Mass/volume] in 24 hour Urine</td></tr><tr><td><a href=\"http://details.loinc.org/LOINC/2881-1.html\">2881-1</a></td><td>Protein [Mass/volume] in Body fluid</td></tr><tr><td><a href=\"http://details.loinc.org/LOINC/2880-3.html\">2880-3</a></td><td>Protein [Mass/volume] in Cerebral spinal fluid</td></tr><tr><td><a href=\"http://details.loinc.org/LOINC/2885-2.html\">2885-2</a></td><td>Protein [Mass/volume] in Serum or Plasma</td></tr><tr><td><a href=\"http://details.loinc.org/LOINC/2888-6.html\">2888-6</a></td><td>Protein [Mass/volume] in Urine</td></tr><tr><td><a href=\"http://details.loinc.org/LOINC/5804-0.html\">5804-0</a></td><td>Protein [Mass/volume] in Urine by Test strip</td></tr><tr><td><a href=\"http://details.loinc.org/LOINC/50561-0.html\">50561-0</a></td><td>Protein [Mass/volume] in Urine by Automated test strip</td></tr><tr><td><a href=\"http://details.loinc.org/LOINC/2889-4.html\">2889-4</a></td><td>Protein [Mass/time] in 24 hour Urine</td></tr><tr><td><a href=\"http://details.loinc.org/LOINC/2151-9.html\">2151-9</a></td><td>Creatine kinase [Enzymatic activity/volume] in Cerebral spinal fluid</td></tr><tr><td><a href=\"http://details.loinc.org/LOINC/2157-6.html\">2157-6</a></td><td>Creatine kinase [Enzymatic activity/volume] in Serum or Plasma</td></tr><tr><td><a href=\"http://details.loinc.org/LOINC/16688-4.html\">16688-4</a></td><td>Creatine kinase [Enzymatic activity/volume] in Body fluid</td></tr><tr><td><a href=\"http://details.loinc.org/LOINC/1746-7.html\">1746-7</a></td><td>Albumin [Mass/volume] in Cerebral spinal fluid</td></tr><tr><td><a href=\"http://details.loinc.org/LOINC/1754-1.html\">1754-1</a></td><td>Albumin [Mass/volume] in Urine</td></tr><tr><td><a href=\"http://details.loinc.org/LOINC/1751-7.html\">1751-7</a></td><td>Albumin [Mass/volume] in Serum or Plasma</td></tr><tr><td><a href=\"http://details.loinc.org/LOINC/1747-5.html\">1747-5</a></td><td>Albumin [Mass/volume] in Body fluid</td></tr><tr><td><a href=\"http://details.loinc.org/LOINC/54347-0.html\">54347-0</a></td><td>Albumin [Moles/volume] in Serum or Plasma</td></tr><tr><td><a href=\"http://details.loinc.org/LOINC/76480-3.html\">76480-3</a></td><td>Albumin [Moles/volume] in Cerebral spinal fluid</td></tr><tr><td><a href=\"http://details.loinc.org/LOINC/2089-1.html\">2089-1</a></td><td>Cholesterol in LDL [Mass/volume] in Serum or Plasma</td></tr><tr><td><a href=\"http://details.loinc.org/LOINC/13457-7.html\">13457-7</a></td><td>Cholesterol in LDL [Mass/volume] in Serum or Plasma by calculation</td></tr><tr><td><a href=\"http://details.loinc.org/LOINC/22748-8.html\">22748-8</a></td><td>Cholesterol in LDL [Moles/volume] in Serum or Plasma</td></tr><tr><td><a href=\"http://details.loinc.org/LOINC/18262-6.html\">18262-6</a></td><td>Cholesterol in LDL [Mass/volume] in Serum or Plasma by Direct assay</td></tr><tr><td><a href=\"http://details.loinc.org/LOINC/53133-5.html\">53133-5</a></td><td>Cholesterol in LDL [Moles/volume] in Body fluid</td></tr><tr><td><a href=\"http://details.loinc.org/LOINC/69419-0.html\">69419-0</a></td><td>Cholesterol in LDL [Moles/volume] in Serum or Plasma by Direct assay</td></tr><tr><td><a href=\"http://details.loinc.org/LOINC/96597-0.html\">96597-0</a></td><td>Cholesterol in LDL [Mass/volume] in DBS by Direct assay</td></tr><tr><td><a href=\"http://details.loinc.org/LOINC/39469-2.html\">39469-2</a></td><td>Cholesterol in LDL [Moles/volume] in Serum or Plasma by calculation</td></tr><tr><td><a href=\"http://details.loinc.org/LOINC/53135-0.html\">53135-0</a></td><td>Cholesterol in HDL [Moles/volume] in Dialysis fluid</td></tr><tr><td><a href=\"http://details.loinc.org/LOINC/96596-2.html\">96596-2</a></td><td>Cholesterol in HDL [Mass/volume] in DBS</td></tr><tr><td><a href=\"http://details.loinc.org/LOINC/54372-8.html\">54372-8</a></td><td>Cholesterol in HDL [Mass/volume] in Body fluid</td></tr><tr><td><a href=\"http://details.loinc.org/LOINC/2085-9.html\">2085-9</a></td><td>Cholesterol in HDL [Mass/volume] in Serum or Plasma</td></tr><tr><td><a href=\"http://details.loinc.org/LOINC/50840-8.html\">50840-8</a></td><td>Cholesterol in HDL [Moles/volume] in Body fluid</td></tr><tr><td><a href=\"http://details.loinc.org/LOINC/14646-4.html\">14646-4</a></td><td>Cholesterol in HDL [Moles/volume] in Serum or Plasma</td></tr><tr><td><a href=\"http://details.loinc.org/LOINC/24467-3.html\">24467-3</a></td><td>CD3+CD4+ (T4 helper) cells [#/volume] in Blood</td></tr><tr><td><a href=\"http://details.loinc.org/LOINC/8123-2.html\">8123-2</a></td><td>CD3+CD4+ (T4 helper) cells/100 cells in Blood</td></tr><tr><td><a href=\"http://details.loinc.org/LOINC/14135-8.html\">14135-8</a></td><td>CD3+CD8+ (T8 suppressor cells) cells [#/volume] in Blood</td></tr><tr><td><a href=\"http://details.loinc.org/LOINC/8101-8.html\">8101-8</a></td><td>CD3+CD8+ (T8 suppressor cells) cells/100 cells in Blood</td></tr><tr><td><a href=\"http://details.loinc.org/LOINC/21232-4.html\">21232-4</a></td><td>Creatinine [Mass/volume] in Arterial blood</td></tr><tr><td><a href=\"http://details.loinc.org/LOINC/38483-4.html\">38483-4</a></td><td>Creatinine [Mass/volume] in Blood</td></tr><tr><td><a href=\"http://details.loinc.org/LOINC/59826-8.html\">59826-8</a></td><td>Creatinine [Moles/volume] in Blood</td></tr><tr><td><a href=\"http://details.loinc.org/LOINC/12190-5.html\">12190-5</a></td><td>Creatinine [Mass/volume] in Body fluid</td></tr><tr><td><a href=\"http://details.loinc.org/LOINC/25386-4.html\">25386-4</a></td><td>Creatinine [Moles/volume] in Body fluid</td></tr><tr><td><a href=\"http://details.loinc.org/LOINC/2160-0.html\">2160-0</a></td><td>Creatinine [Mass/volume] in Serum or Plasma</td></tr><tr><td><a href=\"http://details.loinc.org/LOINC/14682-9.html\">14682-9</a></td><td>Creatinine [Moles/volume] in Serum or Plasma</td></tr><tr><td><a href=\"http://details.loinc.org/LOINC/24519-1.html\">24519-1</a></td><td>Phosphate [Moles/volume] in Blood</td></tr><tr><td><a href=\"http://details.loinc.org/LOINC/13539-2.html\">13539-2</a></td><td>Phosphate [Moles/volume] in Urine</td></tr><tr><td><a href=\"http://details.loinc.org/LOINC/2774-8.html\">2774-8</a></td><td>Phosphate [Mass/volume] in Blood</td></tr><tr><td><a href=\"http://details.loinc.org/LOINC/2778-9.html\">2778-9</a></td><td>Phosphate [Mass/volume] in Urine</td></tr><tr><td><a href=\"http://details.loinc.org/LOINC/2777-1.html\">2777-1</a></td><td>Phosphate [Mass/volume] in Serum or Plasma</td></tr><tr><td><a href=\"http://details.loinc.org/LOINC/14879-1.html\">14879-1</a></td><td>Phosphate [Moles/volume] in Serum or Plasma</td></tr><tr><td><a href=\"http://details.loinc.org/LOINC/25501-8.html\">25501-8</a></td><td>Phosphate [Moles/volume] in Body fluid</td></tr><tr><td><a href=\"http://details.loinc.org/LOINC/12242-4.html\">12242-4</a></td><td>Phosphate [Mass/volume] in Body fluid</td></tr><tr><td><a href=\"http://details.loinc.org/LOINC/2339-0.html\">2339-0</a></td><td>Glucose [Mass/volume] in Blood</td></tr><tr><td><a href=\"http://details.loinc.org/LOINC/2350-7.html\">2350-7</a></td><td>Glucose [Mass/volume] in Urine</td></tr><tr><td><a href=\"http://details.loinc.org/LOINC/15074-8.html\">15074-8</a></td><td>Glucose [Moles/volume] in Blood</td></tr><tr><td><a href=\"http://details.loinc.org/LOINC/3015-5.html\">3015-5</a></td><td>Thyrotropin [Units/volume] in Blood</td></tr><tr><td><a href=\"http://details.loinc.org/LOINC/3016-3.html\">3016-3</a></td><td>Thyrotropin [Units/volume] in Serum or Plasma</td></tr><tr><td><a href=\"http://details.loinc.org/LOINC/26998-5.html\">26998-5</a></td><td>Thyrotropin [Units/volume] in Saliva (oral fluid)</td></tr><tr><td><a href=\"http://details.loinc.org/LOINC/41995-2.html\">41995-2</a></td><td>Hemoglobin A1c [Mass/volume] in Blood</td></tr><tr><td><a href=\"http://details.loinc.org/LOINC/49498-9.html\">49498-9</a></td><td>Leukocytes [#/volume] in Blood by Estimate</td></tr><tr><td><a href=\"http://details.loinc.org/LOINC/6690-2.html\">6690-2</a></td><td>Leukocytes [#/volume] in Blood by Automated count</td></tr><tr><td><a href=\"http://details.loinc.org/LOINC/804-5.html\">804-5</a></td><td>Leukocytes [#/volume] in Blood by Manual count</td></tr><tr><td><a href=\"http://details.loinc.org/LOINC/26464-8.html\">26464-8</a></td><td>Leukocytes [#/volume] in Blood</td></tr><tr><td><a href=\"http://details.loinc.org/LOINC/26453-1.html\">26453-1</a></td><td>Erythrocytes [#/volume] in Blood</td></tr><tr><td><a href=\"http://details.loinc.org/LOINC/789-8.html\">789-8</a></td><td>Erythrocytes [#/volume] in Blood by Automated count</td></tr><tr><td><a href=\"http://details.loinc.org/LOINC/790-6.html\">790-6</a></td><td>Erythrocytes [#/volume] in Blood by Manual count</td></tr></table></li></ul></div>"
  },
  "url": "https://www.napkon.de/fhir/ValueSet/geccoplus-laboratory-diagnostics",
  "version": "0.1.0",
  "name": "LaboratoryDiagnostics",
  "title": "Laboratory Diagnostics",
  "status": "draft",
  "date": "2021-12-01",
  "publisher": "Charité - Universitätsmedizin Berlin",
  "contact": [
    {
      "name": "Charité - Universitätsmedizin Berlin",
      "telecom": [
        {
          "system": "url",
          "value": "https://www.netzwerk-universitaetsmedizin.de"
        }
      ]
    }
  ],
  "description": "Laboratory diagnostics in the context of NAPKON GECCO+ module",
  "compose": {
    "include": [
      {
        "system": "http://loinc.org",
        "concept": [
          {
            "code": "70218-3",
            "display": "Triglyceride [Moles/volume] in Blood"
          },
          {
            "code": "59572-8",
            "display": "Triglyceride [Moles/volume] in Urine"
          },
          {
            "code": "3043-7",
            "display": "Triglyceride [Mass/volume] in Blood"
          },
          {
            "code": "14450-1",
            "display": "Triglyceride [Mass/volume] in Urine"
          },
          {
            "code": "3040-3",
            "display": "Lipase [Enzymatic activity/volume] in Serum or Plasma"
          },
          {
            "code": "10888-6",
            "display": "Lipase [Enzymatic activity/volume] in Urine"
          },
          {
            "code": "15212-4",
            "display": "Lipase [Enzymatic activity/volume] in Body fluid"
          },
          {
            "code": "25992-9",
            "display": "Lipase [Enzymatic activity/volume] in 24 hour Urine"
          },
          {
            "code": "2951-2",
            "display": "Sodium [Moles/volume] in Serum or Plasma"
          },
          {
            "code": "39791-9",
            "display": "Sodium [Moles/volume] in Venous blood"
          },
          {
            "code": "32717-1",
            "display": "Sodium [Moles/volume] in Arterial blood"
          },
          {
            "code": "2947-0",
            "display": "Sodium [Moles/volume] in Blood"
          },
          {
            "code": "2955-3",
            "display": "Sodium [Moles/volume] in Urine"
          },
          {
            "code": "72903-8",
            "display": "Urea [Moles/volume] in Blood"
          },
          {
            "code": "22700-9",
            "display": "Urea [Moles/volume] in Urine"
          },
          {
            "code": "20977-5",
            "display": "Urea [Mass/volume] in Blood"
          },
          {
            "code": "3092-4",
            "display": "Urea [Mass/volume] in Urine"
          },
          {
            "code": "75940-7",
            "display": "Potassium [Mass/volume] in Blood"
          },
          {
            "code": "87454-5",
            "display": "Potassium [Mass/volume] in Specimen"
          },
          {
            "code": "6298-4",
            "display": "Potassium [Moles/volume] in Blood"
          },
          {
            "code": "2828-2",
            "display": "Potassium [Moles/volume] in Urine"
          },
          {
            "code": "32713-0",
            "display": "Potassium [Moles/volume] in Arterial blood"
          },
          {
            "code": "39790-1",
            "display": "Potassium [Moles/volume] in Capillary blood"
          },
          {
            "code": "39789-3",
            "display": "Potassium [Moles/volume] in Venous blood"
          },
          {
            "code": "2823-3",
            "display": "Potassium [Moles/volume] in Serum or Plasma"
          },
          {
            "code": "2821-7",
            "display": "Potassium [Moles/volume] in Body fluid"
          },
          {
            "code": "32673-6",
            "display": "Creatine kinase.MB [Enzymatic activity/volume] in Serum or Plasma"
          },
          {
            "code": "51506-4",
            "display": "Creatine kinase.MB [Enzymatic activity/volume] in Cerebral spinal fluid by Electrophoresis"
          },
          {
            "code": "2154-3",
            "display": "Creatine kinase.MB [Enzymatic activity/volume] in Serum or Plasma by Electrophoresis"
          },
          {
            "code": "54370-2",
            "display": "Chloride [Mass/volume] in Body fluid"
          },
          {
            "code": "2078-4",
            "display": "Chloride [Moles/volume] in Urine"
          },
          {
            "code": "2069-3",
            "display": "Chloride [Moles/volume] in Blood"
          },
          {
            "code": "32307-1",
            "display": "Chloride [Moles/volume] in Specimen"
          },
          {
            "code": "41650-3",
            "display": "Chloride [Moles/volume] in Arterial blood"
          },
          {
            "code": "41649-5",
            "display": "Chloride [Moles/volume] in Venous blood"
          },
          {
            "code": "2075-0",
            "display": "Chloride [Moles/volume] in Serum or Plasma"
          },
          {
            "code": "42908-4",
            "display": "Hematocrit [Volume Fraction] of Capillary blood"
          },
          {
            "code": "41654-5",
            "display": "Hematocrit [Volume Fraction] of Venous blood"
          },
          {
            "code": "32354-3",
            "display": "Hematocrit [Volume Fraction] of Arterial blood"
          },
          {
            "code": "17809-5",
            "display": "Hematocrit [Volume Fraction] of Urine"
          },
          {
            "code": "20570-8",
            "display": "Hematocrit [Volume Fraction] of Blood"
          },
          {
            "code": "27298-9",
            "display": "Protein [Units/volume] in Urine"
          },
          {
            "code": "21482-5",
            "display": "Protein [Mass/volume] in 24 hour Urine"
          },
          {
            "code": "2881-1",
            "display": "Protein [Mass/volume] in Body fluid"
          },
          {
            "code": "2880-3",
            "display": "Protein [Mass/volume] in Cerebral spinal fluid"
          },
          {
            "code": "2885-2",
            "display": "Protein [Mass/volume] in Serum or Plasma"
          },
          {
            "code": "2888-6",
            "display": "Protein [Mass/volume] in Urine"
          },
          {
            "code": "5804-0",
            "display": "Protein [Mass/volume] in Urine by Test strip"
          },
          {
            "code": "50561-0",
            "display": "Protein [Mass/volume] in Urine by Automated test strip"
          },
          {
            "code": "2889-4",
            "display": "Protein [Mass/time] in 24 hour Urine"
          },
          {
            "code": "2151-9",
            "display": "Creatine kinase [Enzymatic activity/volume] in Cerebral spinal fluid"
          },
          {
            "code": "2157-6",
            "display": "Creatine kinase [Enzymatic activity/volume] in Serum or Plasma"
          },
          {
            "code": "16688-4",
            "display": "Creatine kinase [Enzymatic activity/volume] in Body fluid"
          },
          {
            "code": "1746-7",
            "display": "Albumin [Mass/volume] in Cerebral spinal fluid"
          },
          {
            "code": "1754-1",
            "display": "Albumin [Mass/volume] in Urine"
          },
          {
            "code": "1751-7",
            "display": "Albumin [Mass/volume] in Serum or Plasma"
          },
          {
            "code": "1747-5",
            "display": "Albumin [Mass/volume] in Body fluid"
          },
          {
            "code": "54347-0",
            "display": "Albumin [Moles/volume] in Serum or Plasma"
          },
          {
            "code": "76480-3",
            "display": "Albumin [Moles/volume] in Cerebral spinal fluid"
          },
          {
            "code": "2089-1",
            "display": "Cholesterol in LDL [Mass/volume] in Serum or Plasma"
          },
          {
            "code": "13457-7",
            "display": "Cholesterol in LDL [Mass/volume] in Serum or Plasma by calculation"
          },
          {
            "code": "22748-8",
            "display": "Cholesterol in LDL [Moles/volume] in Serum or Plasma"
          },
          {
            "code": "18262-6",
            "display": "Cholesterol in LDL [Mass/volume] in Serum or Plasma by Direct assay"
          },
          {
            "code": "53133-5",
            "display": "Cholesterol in LDL [Moles/volume] in Body fluid"
          },
          {
            "code": "69419-0",
            "display": "Cholesterol in LDL [Moles/volume] in Serum or Plasma by Direct assay"
          },
          {
            "code": "96597-0",
            "display": "Cholesterol in LDL [Mass/volume] in DBS by Direct assay"
          },
          {
            "code": "39469-2",
            "display": "Cholesterol in LDL [Moles/volume] in Serum or Plasma by calculation"
          },
          {
            "code": "53135-0",
            "display": "Cholesterol in HDL [Moles/volume] in Dialysis fluid"
          },
          {
            "code": "96596-2",
            "display": "Cholesterol in HDL [Mass/volume] in DBS"
          },
          {
            "code": "54372-8",
            "display": "Cholesterol in HDL [Mass/volume] in Body fluid"
          },
          {
            "code": "2085-9",
            "display": "Cholesterol in HDL [Mass/volume] in Serum or Plasma"
          },
          {
            "code": "50840-8",
            "display": "Cholesterol in HDL [Moles/volume] in Body fluid"
          },
          {
            "code": "14646-4",
            "display": "Cholesterol in HDL [Moles/volume] in Serum or Plasma"
          },
          {
            "code": "24467-3",
            "display": "CD3+CD4+ (T4 helper) cells [#/volume] in Blood"
          },
          {
            "code": "8123-2",
            "display": "CD3+CD4+ (T4 helper) cells/100 cells in Blood"
          },
          {
            "code": "14135-8",
            "display": "CD3+CD8+ (T8 suppressor cells) cells [#/volume] in Blood"
          },
          {
            "code": "8101-8",
            "display": "CD3+CD8+ (T8 suppressor cells) cells/100 cells in Blood"
          },
          {
            "code": "21232-4",
            "display": "Creatinine [Mass/volume] in Arterial blood"
          },
          {
            "code": "38483-4",
            "display": "Creatinine [Mass/volume] in Blood"
          },
          {
            "code": "59826-8",
            "display": "Creatinine [Moles/volume] in Blood"
          },
          {
            "code": "12190-5",
            "display": "Creatinine [Mass/volume] in Body fluid"
          },
          {
            "code": "25386-4",
            "display": "Creatinine [Moles/volume] in Body fluid"
          },
          {
            "code": "2160-0",
            "display": "Creatinine [Mass/volume] in Serum or Plasma"
          },
          {
            "code": "14682-9",
            "display": "Creatinine [Moles/volume] in Serum or Plasma"
          },
          {
            "code": "24519-1",
            "display": "Phosphate [Moles/volume] in Blood"
          },
          {
            "code": "13539-2",
            "display": "Phosphate [Moles/volume] in Urine"
          },
          {
            "code": "2774-8",
            "display": "Phosphate [Mass/volume] in Blood"
          },
          {
            "code": "2778-9",
            "display": "Phosphate [Mass/volume] in Urine"
          },
          {
            "code": "2777-1",
            "display": "Phosphate [Mass/volume] in Serum or Plasma"
          },
          {
            "code": "14879-1",
            "display": "Phosphate [Moles/volume] in Serum or Plasma"
          },
          {
            "code": "25501-8",
            "display": "Phosphate [Moles/volume] in Body fluid"
          },
          {
            "code": "12242-4",
            "display": "Phosphate [Mass/volume] in Body fluid"
          },
          {
            "code": "2339-0",
            "display": "Glucose [Mass/volume] in Blood"
          },
          {
            "code": "2350-7",
            "display": "Glucose [Mass/volume] in Urine"
          },
          {
            "code": "15074-8",
            "display": "Glucose [Moles/volume] in Blood"
          },
          {
            "code": "3015-5",
            "display": "Thyrotropin [Units/volume] in Blood"
          },
          {
            "code": "3016-3",
            "display": "Thyrotropin [Units/volume] in Serum or Plasma"
          },
          {
            "code": "26998-5",
            "display": "Thyrotropin [Units/volume] in Saliva (oral fluid)"
          },
          {
            "code": "41995-2",
            "display": "Hemoglobin A1c [Mass/volume] in Blood"
          },
          {
            "code": "49498-9",
            "display": "Leukocytes [#/volume] in Blood by Estimate"
          },
          {
            "code": "6690-2",
            "display": "Leukocytes [#/volume] in Blood by Automated count"
          },
          {
            "code": "804-5",
            "display": "Leukocytes [#/volume] in Blood by Manual count"
          },
          {
            "code": "26464-8",
            "display": "Leukocytes [#/volume] in Blood"
          },
          {
            "code": "26453-1",
            "display": "Erythrocytes [#/volume] in Blood"
          },
          {
            "code": "789-8",
            "display": "Erythrocytes [#/volume] in Blood by Automated count"
          },
          {
            "code": "790-6",
            "display": "Erythrocytes [#/volume] in Blood by Manual count"
          }
        ]
      }
    ]
  }
}