{
  "resourceType": "ValueSet",
  "id": "geccoplus-normal-pathologic",
  "text": {
    "status": "generated",
    "div": "<div xmlns=\"http://www.w3.org/1999/xhtml\"><ul><li>Include these codes as defined in <a href=\"http://www.snomed.org/\"><code>http://snomed.info/sct</code></a><table class=\"none\"><tr><td style=\"white-space:nowrap\"><b>Code</b></td><td><b>Display</b></td></tr><tr><td><a href=\"http://browser.ihtsdotools.org/?perspective=full&amp;conceptId1=29458008\">29458008</a></td><td>Pathologic (qualifier value)</td></tr><tr><td><a href=\"http://browser.ihtsdotools.org/?perspective=full&amp;conceptId1=17621005\">17621005</a></td><td>Normal (qualifier value)</td></tr></table></li></ul></div>"
  },
  "url": "https://www.napkon.de/fhir/ValueSet/geccoplus-normal-pathologic",
  "version": "1.0.0",
  "name": "NormalPathologic",
  "title": "Normal Pathologic",
  "status": "active",
  "date": "2021-12-01",
  "publisher": "Charité - Universitätsmedizin Berlin",
  "contact": [
    {
      "telecom": [
        {
          "system": "url",
          "value": "https://www.bihealth.org/en/research/core-facilities/interoperability/"
        }
      ]
    }
  ],
  "description": "Normal Pathologic",
  "compose": {
    "include": [
      {
        "system": "http://snomed.info/sct",
        "concept": [
          {
            "code": "29458008",
            "display": "Pathologic (qualifier value)"
          },
          {
            "code": "17621005",
            "display": "Normal (qualifier value)"
          }
        ]
      }
    ]
  }
}